component_id,split,n_complexes,n_clusters,n_residues,n_positive,n_negative,positive_fraction,pdb_ids,clusters
0,train,3767,996,8486882,2738801,5748081,0.3227099186721342,1afo;1ar1;1bcc;1be3;1bgy;1ezv;1fft;1fqy;1ih5;1iwg;1j4n;1jb0;1kb9;1kyo;1l0l;1l0n;1m56;1m57;1ntk;1ntm;1ntz;1nu1;1occ;1oco;1ocr;1ocz;1oy6;1oy8;1oy9;1oyd;1oye;1p7b;1p84;1pp9;1ppj;1qcr;1qle;1rh5;1rhz;1rwt;1s5l;1sor;1sqb;1sqp;1sqq;1sqv;1sqx;1t9t;1t9u;1t9v;1t9w;1t9x;1t9y;1v54;1v55;1w5c;1xfh;1xl4;1xl6;1ymg;1z98;1zrt;2a06;2abm;2akh;2aki;2axt;2b5f;2b6o;2b6p;2bcc;2bhw;2c32;2d57;2dhh;2dr6;2drd;2dyr;2dys;2eij;2eik;2eil;2eim;2ein;2evu;2f2b;2fyn;2fyu;2gif;2gsm;2hac;2hqc;2hqd;2hqf;2hqg;2hrt;2i6w;2ibz;2j8s;2lz3;2lz4;2nwl;2nww;2nwx;2o01;2o9e;2o9g;2occ;2qjk;2qjp;2qjy;2qks;2rdd;2v50;2vl0;2w1b;2w1p;2w2e;2wlh;2wli;2wlj;2wlk;2wll;2wlm;2wln;2wlo;2wsc;2wse;2wsf;2ww9;2wwa;2wwb;2x6a;2x6b;2x6c;2x72;2xzb;2y69;2ybb;2yew;2yiu;2yks;2yn6;2yn9;2yoe;2yxq;2yxr;2zjs;2zqp;2zxe;2zxw;2zz9;3a0b;3a0h;3a3y;3abk;3abl;3abm;3ag1;3ag2;3ag3;3ag4;3aoa;3aob;3aoc;3aod;3asn;3aso;3b8e;3b9w;3b9y;3b9z;3bcc;3bhs;3bo0;3bo1;3cap;3cll;3cn5;3cn6;3cwb;3cx5;3cxh;3d9b;3d9s;3din;3dkn;3dl8;3dtu;3ehb;3fye;3fyi;3gd8;3h1h;3h1i;3h1j;3h1k;3h1l;3hb3;3hd6;3ixz;3iyz;3j0c;3j41;3j45;3j46;3j5p;3j5q;3j5r;3jad;3jae;3jaf;3jc2;3jcu;3jyc;3kbc;3kdp;3kg2;3kzi;3l70;3l71;3l72;3l73;3l74;3l75;3lw5;3mk7;3mp7;3n23;3ne2;3nka;3nkc;3noc;3nog;3odu;3oe0;3oe6;3oe8;3oe9;3om3;3oma;3omi;3omn;3pcq;3qe7;3rhw;3ri5;3ria;3rif;3rko;3rqu;3rqw;3sn6;3spc;3spg;3sph;3spi;3spj;3sya;3syc;3syo;3syp;3syq;3tgu;3uq4;3uq5;3uq7;3v8f;3v8g;3w5a;3w9h;3w9i;3w9j;3wg7;3wgu;3wgv;3wu2;3x2q;3zkr;3zoj;3zrs;4a4m;4a97;4a98;4bez;4c48;4cdi;4cg5;4cg6;4cg7;4cof;4csk;4d6t;4d6u;4djh;4dkl;4dx5;4dx6;4dx7;4fby;4fe1;4gbr;4gpo;4h1w;4he8;4hea;4hqj;4hyt;4ia4;4il6;4ixq;4ixr;4izm;4jc6;4k7q;4kfm;4ksd;4kt0;4ky0;4kyt;4l6v;4lcz;4lp8;4mt1;4nef;4oj2;4oye;4oyf;4p19;4p1a;4p3j;4p6h;4pbu;4pd4;4pe5;4pj0;4pxf;4qkx;4res;4ret;4rku;4rvy;4rws;4tll;4tlm;4tnh;4tni;4tnj;4tnk;4tnv;4tnw;4twd;4twf;4twh;4u1w;4u1x;4u1y;4u2p;4u2q;4u3f;4u4f;4u4g;4u5b;4u5c;4u5d;4u5e;4u5f;4u8v;4u8y;4u95;4u96;4ub6;4ub8;4uqj;4uqq;4ux1;4ux2;4x2s;4xe5;4xk8;4xt1;4xt3;4y28;4y3u;4yeu;4yzf;4z90;4z91;4zit;4ziv;4ziw;4zjl;4zjo;4zjq;4zlj;4zll;4zln;5a1s;5a63;5a6u;5abb;5an8;5avq;5avr;5avs;5avt;5avu;5avv;5avw;5avx;5avy;5avz;5aw0;5aw1;5aw2;5aw3;5aw4;5aw5;5aw6;5aw7;5aw8;5aw9;5aww;5b1a;5b1b;5b3s;5b5e;5b66;5bkf;5bkg;5bn2;5c5x;5cfb;5cfy;5ch4;5djq;5do7;5dqq;5dwy;5dye;5e1j;5e79;5e7c;5e9s;5eul;5f8u;5fn2;5fn3;5fn5;5fxh;5fxi;5fxj;5fxk;5g53;5gae;5gko;5glh;5gth;5gti;5h2f;5h3o;5hej;5heo;5heu;5hew;5hi9;5i32;5ide;5idf;5iou;5iov;5irx;5irz;5is0;5iwk;5iwp;5iwr;5iwt;5iy5;5jmn;5k7l;5kaf;5kai;5kbs;5kbt;5kbu;5kbv;5kk2;5kkz;5kli;5klv;5kuf;5kuk;5kum;5l1b;5l1e;5l1f;5l1g;5l1h;5l8r;5lc5;5ldw;5ldx;5lg3;5lid;5lil;5lj6;5lj7;5llu;5lnk;5lq3;5luf;5lwe;5mdx;5mg3;5mju;5mx2;5nc5;5ng5;5nik;5nil;5nj3;5nmi;5o31;5o66;5o8f;5o9h;5ojm;5okd;5oy0;5sxu;5sxv;5sy1;5t0o;5te3;5tin;5tio;5tis;5tua;5twv;5uiw;5un1;5uow;5up2;5uz7;5v2c;5v5s;5vai;5vbl;5vdh;5vdi;5vhw;5vhx;5vhy;5vhz;5vms;5vot;5vou;5vov;5w97;5wau;5wb2;5weh;5wek;5wel;5wem;5wen;5weo;5wp6;5ws4;5ws5;5ws6;5wua;5x19;5x1b;5x1f;5x9r;5xar;5xas;5xdq;5xdx;5xnl;5xnm;5xnn;5xno;5xsy;5xtc;5xtd;5xte;5y0b;5yil;5ykf;5ykg;5ylu;5ylv;5yw8;5yw9;5ywa;5ywb;5ywc;5yx9;5z62;5z84;5z85;5z86;5z96;5zbg;5zco;5zcp;5zcq;5zgb;5zgh;5zji;5zx5;5zzn;6a69;6a90;6a91;6a95;6a96;6adq;6aei;6agf;6ak3;6akx;6b3j;6b5v;6baa;6baj;6bat;6bau;6bav;6bbj;6bcj;6bcl;6bco;6bcq;6bmi;6bo4;6bo5;6bo8;6bo9;6boa;6bob;6bpq;6bqr;6bqv;6bwj;6bwm;6c26;6c3o;6c3p;6c8f;6c8g;6c8h;6caa;6cdu;6cfw;6ci0;6cmo;6cnm;6cnn;6cno;6co7;6csx;6ctf;6cud;6cx0;6d1s;6d6t;6d6u;6d7o;6d7p;6d7q;6d7s;6d7t;6d7v;6d7x;6d9h;6dde;6ddf;6dlz;6dm0;6dm1;6dmr;6dmu;6dmw;6do1;6dvw;6dvy;6dvz;6dw0;6e1k;6e1m;6e1n;6e1p;6e2f;6e2g;6e3y;6eti;6ezn;6feq;6ffc;6fj3;6fk7;6fo0;6fo2;6fo6;6fos;6fuf;6g1k;6g2j;6g72;6g79;6gcs;6gct;6gdg;6giq;6gpx;6h7j;6h7l;6h7m;6h7n;6h7o;6haw;6hbu;6hco;6hij;6hjx;6hjy;6hk0;6hqb;6hu9;6hug;6huj;6huk;6hum;6huo;6hup;6hwh;6hzm;6i0d;6i1p;6i53;6idf;6igk;6igl;6igz;6iia;6ijj;6ijo;6iok;6ira;6irf;6irg;6irh;6itc;6iyc;6j8e;6j8g;6j8h;6j8i;6j8j;6j8m;6jb1;6jfy;6jfz;6jlj;6jlk;6jll;6jlm;6jln;6jlo;6jlp;6jo5;6jo6;6jod;6juw;6jxh;6jxi;6jxj;6jxk;6jxr;6jy3;6jy4;6jzo;6k41;6k42;6k61;6kac;6khi;6khj;6kls;6klv;6kob;6koc;6koe;6kpf;6kpg;6kuw;6kzm;6l35;6l6f;6l7o;6l7p;6lfm;6lfo;6lgp;6li3;6lmk;6lml;6lmt;6lmu;6lmx;6lpb;6lqg;6lr4;6lry;6lu1;6ly5;6lyg;6m17;6m18;6m1d;6m1h;6m1i;6m84;6m85;6m86;6meo;6met;6mho;6mhs;6mhv;6mhw;6mhx;6mm9;6mma;6mmb;6mmg;6mmh;6mmi;6mmj;6mmk;6mml;6mmm;6mmn;6mmp;6mmr;6mms;6mmt;6mmu;6mmw;6mmx;6mp6;6mpb;6n3q;6n4b;6n51;6n52;6nbf;6nbh;6nbi;6nbq;6nbx;6nby;6nd1;6nhg;6nhh;6ni3;6nin;6niy;6njm;6njn;6nk6;6nk7;6nkn;6nmf;6nmp;6nr2;6nr3;6nr4;6nt4;6nzi;6o1n;6o1p;6o1u;6o20;6o3c;6o6a;6o6r;6o72;6o77;6o9g;6o9t;6o9u;6o9v;6ofj;6oij;6oik;6omm;6oo3;6oo4;6oo5;6oo7;6os9;6osa;6ot0;6ot2;6ot5;6ows;6oy9;6oya;6p9x;6p9y;6pb0;6pb1;6pbe;6pbf;6pbx;6pby;6peq;6pfy;6pgk;6ph7;6plo;6plp;6plq;6plr;6pls;6plt;6plu;6plv;6plw;6plx;6ply;6plz;6pm0;6pm1;6pm2;6pm3;6pm4;6pm5;6pm6;6pnj;6pt0;6pvl;6pvm;6pvn;6pvo;6pvp;6pvq;6pw0;6pw1;6pwc;6pxd;6pz9;6pza;6q4n;6q4o;6q4p;6q8o;6q8w;6q8x;6qf5;6qfa;6qim;6qkc;6qkz;6qno;6qph;6r3q;6r4o;6r7l;6r7r;6rfq;6rfr;6rfs;6rhz;6ruq;6rvx;6rvy;6s3q;6s7o;6s7t;6sgr;6sgs;6sgt;6sgu;6sl5;6ssi;6ssp;6t0b;6t15;6t7s;6ta5;6ta6;6tjv;6tko;6tra;6trc;6trd;6u1n;6u84;6u86;6u88;6u8a;6u8y;6ubs;6ubt;6ucb;6ud3;6ud4;6ud8;6uiv;6uiw;6uix;6up7;6uus;6uw4;6uw6;6uw8;6uw9;6uz8;6uza;6uzv;6uzz;6v00;6v01;6v03;6v0b;6v8g;6vai;6vak;6val;6vam;6vcb;6vks;6vkt;6vm0;6vm2;6vm3;6vms;6vn7;6vpv;6vxf;6vxh;6vxi;6vxj;6w98;6wbv;6wej;6wek;6wel;6wgt;6wh4;6wha;6whc;6whr;6whs;6wht;6whu;6whv;6whw;6whx;6why;6wi0;6wi1;6wi9;6wj6;6wjc;6wkn;6wpw;6wti;6wwz;6wyl;6wzb;6wzg;6x01;6x14;6x15;6x16;6x17;6x18;6x19;6x1a;6x2l;6x3e;6x3f;6x3s;6x3t;6x3u;6x3v;6x3w;6x3x;6x3z;6x40;6xbj;6xbk;6xbl;6xbm;6xeu;6xev;6xi0;6xis;6xit;6xiw;6xkt;6xku;6xkv;6xkw;6xkx;6xkz;6xox;6xsr;6xvf;6xwq;6y11;6y79;6yac;6yez;6yj4;6ymx;6ymy;6yp7;6ysn;6yso;6ytk;6ytl;6yto;6ytq;6ytv;6ytx;6yx9;6yxd;6yxf;6yxg;6yxr;6z12;6z16;6z3t;6zdb;6zfs;6zft;6zfu;6zgb;6ziy;6zjl;6zjn;6zjy;6zka;6zkb;6zkc;6zkd;6zke;6zkf;6zkg;6zkh;6zki;6zkj;6zkk;6zkl;6zkm;6zkn;6zko;6zkp;6zkq;6zkr;6zks;6zkt;6zku;6zkv;6zl4;6zlh;6zo5;6zo6;6zo7;6zo8;6zo9;6zoa;6zob;6zoc;6zod;6zoe;6zof;6zog;6zoh;6zoo;6zpl;6zr2;6ztq;6zxs;6zzx;6zzy;7a23;7a24;7a4p;7a5v;7aa5;7ad3;7adi;7aft;7ahk;7ak5;7ak6;7aqq;7aqw;7ar7;7ar8;7ar9;7arb;7ard;7ate;7atn;7au3;7au6;7aue;7awl;7awm;7awn;7awp;7awq;7b05;7b0j;7b0s;7b16;7b1g;7b5p;7b8p;7b8q;7b93;7bb6;7bb7;7bcq;7bcs;7bct;7bgi;7blx;7blz;7bvc;7bve;7bvf;7bvg;7bvh;7bw0;7bw2;7bwr;7bx8;7byl;7bym;7byn;7bz2;7c2e;7c76;7c77;7c9i;7cfm;7cfn;7cji;7cjj;7cjs;7ckw;7ckx;7cky;7ckz;7cm3;7cmu;7cmv;7coh;7cou;7cp5;7cr3;7cr4;7cr7;7crh;7cu3;7cub;7cuq;7cuw;7cx2;7cx3;7cx4;7cyn;7cz5;7cz9;7czl;7d0j;7d1t;7d1u;7d3s;7d3u;7d4p;7d4q;7d5p;7d5q;7d5w;7d5x;7d60;7d61;7d65;7d68;7d76;7d77;7d8x;7d91;7d92;7d93;7d94;7db6;7dce;7dd5;7dd6;7dd7;7ddf;7ddh;7ddi;7ddk;7ddl;7dfl;7dgd;7dge;7dgz;7dh0;7dh5;7dhi;7dhr;7dkz;7dr0;7dr1;7dsc;7dsd;7dse;7dtd;7dtt;7dtu;7dtv;7dtw;7dty;7duq;7dur;7dw9;7dwq;7dxa;7dxb;7dxc;7dxd;7dxe;7dxf;7dxg;7dxh;7dz7;7dz8;7e0h;7e0i;7e0j;7e0k;7e14;7e1v;7e1w;7e1x;7e1z;7e20;7e21;7e2x;7e2y;7e2z;7e32;7e33;7e4t;7e6t;7e6u;7e9g;7e9h;7eda;7efl;7efm;7efn;7eib;7ej0;7ej8;7eja;7ejk;7ejx;7eo2;7eo4;7eoq;7eor;7eos;7eot;7eou;7epa;7epb;7epc;7epd;7ept;7eq1;7et1;7eu3;7eu7;7eu8;7euo;7ev7;7evm;7evy;7evz;7ew0;7ew1;7ew2;7ew3;7ew4;7ew6;7ew7;7ewk;7ewl;7ewp;7ewr;7exd;7ezh;7ezk;7ezm;7f0t;7f16;7f1o;7f1q;7f1r;7f1s;7f1z;7f23;7f24;7f2o;7f4d;7f4f;7f4h;7f4i;7f53;7f54;7f55;7f56;7f57;7f58;7f59;7f5a;7f5b;7f61;7f6g;7f6h;7f6i;7f8v;7f8w;7f9y;7f9z;7fd8;7fd9;7fdv;7ffo;7fhk;7fhl;7fhn;7fho;7fig;7fih;7fii;7fim;7fin;7fiy;7fjd;7fje;7fjf;7jhj;7jic;7jjo;7joz;7jr7;7jrg;7jro;7jrp;7jv5;7jvp;7jvq;7jvr;7k18;7k4a;7k4b;7k4c;7k4d;7k4e;7k4f;7kah;7kai;7kaj;7kak;7kal;7kam;7kan;7kao;7kap;7kaq;7kar;7kas;7kat;7kau;7kb5;7kgd;7kge;7kgf;7kgg;7kgh;7kgi;7kh0;7ki0;7ki1;7knt;7knu;7ks0;7ks3;7ksq;7kux;7kuy;7l0p;7l0q;7l0r;7l0s;7l1u;7l1v;7l2h;7l2i;7l2j;7l2k;7l2l;7l2m;7l2n;7l2o;7l2p;7l2r;7l2s;7l2t;7l2u;7l2v;7l2w;7l2x;7l31;7l6q;7l6u;7lci;7ld3;7ld4;7ldd;7lde;7lep;7lft;7lfw;7lfx;7lfy;7lg1;7ljc;7ljd;7lll;7lly;7lp9;7lpa;7lpb;7lpc;7lpd;7lpe;7lqy;7lqz;7lr0;7lvt;7lx0;7m3e;7m3f;7m3g;7m3j;7m4p;7m4q;7m6m;7m6n;7m6o;7m6p;7m6q;7m6r;7m6s;7m75;7m76;7m78;7mbp;7mbq;7mbr;7mbs;7mbt;7mbu;7mbv;7mbx;7mby;7mij;7mik;7mil;7mim;7min;7mio;7mit;7mjo;7mjp;7mjq;7mlu;7mlv;7mt8;7mt9;7mta;7mtb;7mtq;7mtr;7mts;7mz5;7mz6;7mz7;7mz9;7mza;7mzb;7mzc;7mzd;7mze;7n0m;7n0n;7n15;7n16;7n17;7n8o;7n9k;7n9l;7n9z;7na7;7na8;7neq;7nez;7nfd;7ngh;7nho;7nhp;7nhq;7nl4;7npw;7nsg;7nyh;7nyr;7nyu;7nyv;7o01;7o1v;7o37;7o3c;7o3e;7o3h;7o3l;7o3m;7o3n;7o4h;7o6y;7o71;7o7f;7oca;7ocd;7oce;7ocf;7oci;7oj8;7ojh;7oji;7oui;7ouk;7oul;7oum;7oz1;7p00;7p02;7p14;7p16;7p4i;7p61;7p62;7p63;7p64;7p69;7p7c;7p7e;7p7j;7p7k;7p7l;7p7m;7pd8;7pde;7pdg;7phr;7pi0;7piu;7piv;7q21;7qa8;7qb9;7qbc;7qbi;7qco;7qe5;7qha;7qhb;7qhh;7qhm;7qho;7qn5;7qn6;7qn7;7qn8;7qn9;7qna;7qnb;7qnc;7qnd;7qne;7qp9;7qpa;7qpc;7qru;7qsd;7qsk;7qsl;7qsm;7qsn;7qso;7qtv;7qvm;7r0c;7r3k;7r3v;7r41;7r42;7r43;7r44;7r45;7r46;7r47;7r48;7r4c;7r4d;7r4f;7r4g;7r87;7r88;7r89;7r8a;7r8b;7r8c;7r8d;7r8e;7ra3;7ran;7ras;7rau;7rbt;7rcp;7rcv;7rg9;7rgp;7rh5;7rh6;7rh7;7rh9;7rhg;7rhh;7rhi;7rhj;7rhk;7rhl;7rhs;7rja;7rjb;7rjc;7rjd;7rje;7rkf;7rkm;7rkn;7rkx;7rky;7rmg;7rmh;7rmi;7rqu;7rqv;7rqw;7rqx;7rqy;7rqz;7rr6;7rr7;7rr8;7rtb;7rtm;7rxc;7ry3;7ryc;7ryy;7ryz;7rz4;7rz5;7rz6;7rz7;7rz8;7rz9;7rza;7s0f;7s0g;7s1m;7s3d;7s3i;7s5t;7s5x;7s5y;7s5z;7s60;7s61;7s88;7s89;7s8b;7s8c;7s8l;7s8m;7s8n;7s8o;7s8p;7sa3;7saa;7sab;7sac;7sad;7sbf;7scg;7sf7;7sf8;7sfw;7she;7shf;7sil;7sim;7sin;7sk3;7sk4;7sk5;7sk6;7sk7;7sk8;7sqo;7sr8;7srr;7srs;7stc;7swj;7sx3;7sx4;7t10;7t11;7t2g;7t2h;7t37;7t38;7t6b;7t6j;7t6k;7t6l;7t6m;7t6n;7t6o;7t6p;7t6q;7t6r;7t6s;7t6t;7t6u;7t6v;7t8x;7t90;7t94;7t96;7t9i;7t9m;7t9n;7tay;7tbg;7tce;7tci;7tcp;7td0;7td1;7td2;7td3;7td4;7tdd;7tde;7tdf;7te9;7teb;7tee;7teq;7ter;7tes;7tet;7thu;7tie;7tih;7tii;7tj8;7tj9;7tlj;7tmw;7tnk;7tnl;7tnm;7tnn;7tno;7tnp;7trk;7trp;7trq;7trs;7try;7ts0;7tu9;7tuz;7tvi;7tvz;7tw0;7tw1;7tw3;7tw5;7tw6;7tyi;7tyl;7tyn;7tyo;7tys;7tyt;7tz6;7u1e;7u1q;7u1s;7u24;7u2k;7u2l;7u2m;7u2n;7u2o;7u2x;7u6y;7u7m;7u8g;7uaa;7ugg;7um4;7um5;7um6;7um7;7uqr;7urd;7ure;7utz;7uz3;7uze;7uzq;7v07;7v0s;7v19;7v2c;7v2d;7v2e;7v2f;7v2h;7v2k;7v2r;7v30;7v31;7v32;7v33;7v35;7v3m;7v61;7v68;7v69;7v6a;7v9l;7v9m;7vab;7vbh;7vbi;7vbl;7vbp;7vc0;7vdh;7vdl;7vdm;7vfx;7vga;7vgx;7vgy;7vgz;7vh0;7vie;7vif;7vig;7vih;7vkt;7vl8;7vl9;7vla;7vm2;7vnp;7vnq;7vnr;7vqx;7vr7;7vr8;7vug;7vuw;7vuy;7vuz;7vv3;7vv5;7vvj;7vvk;7vvl;7vvm;7vvn;7vvo;7vvr;7vwl;7vxs;7vy1;7vy9;7vye;7vyg;7vyi;7vys;7vz8;7vzv;7vzw;7w00;7w0h;7w0l;7w0m;7w0n;7w0o;7w0p;7w0r;7w0y;7w1o;7w1p;7w1t;7w1u;7w1v;7w1z;7w20;7w2k;7w2l;7w2r;7w2u;7w2y;7w2z;7w31;7w32;7w35;7w3e;7w3z;7w40;7w47;7w48;7w49;7w4a;7w4c;7w4d;7w4e;7w4f;7w4g;7w4j;7w4k;7w4l;7w4m;7w4n;7w4o;7w4p;7w4q;7w53;7w55;7w56;7w57;7w6p;7w77;7w7e;7w7f;7w7g;7w7s;7w9k;7w9l;7w9m;7w9p;7w9t;7wbj;7wcm;7wcn;7wco;7wdb;7wf7;7wff;7wi6;7wi8;7wic;7wig;7wih;7wj5;7wji;7wkd;7wks;7wkw;7wlm;7wls;7wlv;7wq3;7wq4;7wra;7wrb;7wrc;7wrd;7wre;7wrf;7wu2;7wu3;7wu4;7wu5;7wu9;7wui;7wuj;7wuq;7wv9;7wvu;7wvv;7wvw;7wvx;7wvy;7wxu;7wxw;7wy0;7wy5;7wy8;7wyb;7wyi;7wys;7wyt;7wyu;7wyv;7wyw;7wyx;7wyy;7wyz;7wz0;7wz4;7wz7;7wzn;7x10;7x1t;7x1u;7x20;7x21;7x22;7x23;7x24;7x2c;7x2d;7x2f;7x2v;7x5h;7x6c;7x6i;7x8r;7x8s;7x9a;7x9b;7x9c;7x9y;7xa3;7xat;7xau;7xav;7xbd;7xbw;7xbx;7xem;7xeo;7xer;7xeu;7xev;7xew;7xha;7xhb;7xj0;7xj1;7xj2;7xj3;7xjh;7xji;7xjj;7xjk;7xjl;7xk2;7xk8;7xka;7xkd;7xke;7xkf;7xm9;7xma;7xmb;7xmc;7xmd;7xmf;7xmg;7xmr;7xms;7xmt;7xni;7xnk;7xnl;7xnn;7xou;7xov;7xow;7xp4;7xp5;7xp6;7xqp;7xr4;7xr6;7xsu;7xt8;7xt9;7xta;7xtb;7xtc;7xtq;7xv3;7xve;7xvf;7xw5;7xw6;7xw7;7xw9;7xwo;7xxb;7xxh;7xxi;7xy6;7xy7;7xz5;7xz6;7y12;7y15;7y1f;7y24;7y26;7y27;7y35;7y36;7y3f;7y3g;7y44;7y45;7y46;7y5t;7y5x;7y5z;7y64;7y65;7y66;7y67;7y75;7y76;7y7b;7y89;7y8a;7y9t;7y9u;7y9v;7yac;7yae;7yca;7ydh;7ydj;7ydm;7ydp;7yep;7yfc;7yfd;7yff;7yfi;7yfl;7yfm;7yfr;7yid;7yie;7yif;7yig;7yih;7yij;7yit;7yj4;7yk6;7yk7;7ykd;7ym8;7ymh;7yon;7yoo;7yp7;7ypy;7yq2;7yq7;7ys6;7yu3;7yu5;7yu6;7yu7;7yu8;7yzr;7z04;7z10;7z7r;7z7s;7z7t;7z7v;7z80;7z83;7z84;7zc5;7zci;7zd6;7zdh;7zdj;7zdm;7zdp;7zdz;7zeb;7zjd;7zje;7zjg;7zjh;7zji;7zkp;7zkq;7zl3;7zm7;7zm8;7zmb;7zme;7zmg;7zmh;8ab6;8ab7;8ab8;8ab9;8aba;8abb;8abe;8abf;8abg;8abh;8abi;8abj;8abk;8abl;8abm;8ac3;8ac4;8ac5;8afa;8agc;8age;8asi;8asj;8ayl;8aym;8ayn;8ayo;8b01;8b6j;8b6l;8b9z;8ba0;8bcv;8bcw;8bdc;8bef;8beh;8bej;8bel;8bf9;8bha;8bhb;8bhg;8bhi;8bhk;8bhm;8bho;8bhq;8bhr;8bhs;8bht;8bi0;8buz;8bvr;8bvs;8bvt;8bw7;8bx7;8bzy;8c1p;8c1q;8c1r;8c1s;8c29;8c2h;8c2i;8c2s;8c8q;8ca3;8ca5;8cmo;8crq;8crr;8crt;8csx;8ct2;8ct3;8ctc;8cte;8cua;8cub;8cui;8cv2;8d3u;8d3v;8d3w;8d3x;8d3y;8d4t;8d63;8d64;8d65;8d66;8d67;8d9n;8dan;8daq;8dcr;8dcs;8dd2;8ddq;8ddr;8dds;8ddt;8ddu;8ddv;8ddx;8deu;8dev;8dew;8dh6;8djk;8djm;8dn2;8dn4;8dn5;8dnv;8dnw;8dnx;8dny;8dnz;8do0;8do1;8do2;8do3;8dpf;8dpg;8dph;8dpi;8dwc;8dwg;8dwh;8dww;8dwx;8dwy;8dzp;8dzq;8dzr;8dzs;8e34;8e3x;8e3y;8e3z;8e4l;8e4m;8e4n;8e4o;8e4p;8e4q;8e7s;8e93;8e96;8e97;8e9g;8e9h;8e9i;8e9w;8e9x;8e9y;8e9z;8ec0;8ed7;8ed8;8ed9;8eeq;8ef5;8ef6;8efb;8efl;8efo;8efq;8eit;8ejc;8ejk;8ekp;8ekq;8ekr;8eks;8eow;8ep0;8ep1;8eqm;8es7;8es8;8es9;8etp;8eu3;8euc;8ev8;8ev9;8eva;8evb;8evc;8ewf;8ez5;8f0j;8f0k;8f0o;8f0s;8f2a;8f2b;8f32;8f33;8f34;8f35;8f3e;8f4b;8f4c;8f4d;8f4e;8f4f;8f4g;8f4h;8f4i;8f4j;8f4k;8f4n;8f4r;8f56;8f68;8f6c;8f76;8f7q;8f7r;8f7s;8f7w;8f7x;8fc7;8fc8;8fc9;8fca;8fcb;8fcz;8fd0;8fd1;8fe1;8feg;8ffk;8ffl;8ffm;8ffn;8ffo;8ffq;8ffs;8fhd;8fhh;8fhi;8flq;8flr;8fls;8flt;8flu;8fmz;8fn0;8fn1;8foa;8fob;8fp4;8fp9;8fpg;8fps;8fq1;8fq5;8fqb;8fqf;8fu6;8fwq;8fws;8fwu;8fww;8fx5;8fy8;8fye;8fyl;8fyt;8fyx;8g05;8g1a;8g2y;8g4o;8g59;8gag;8gbt;8gc2;8gc3;8gc4;8gc5;8gcl;8gcm;8gcp;8gcq;8gd9;8gda;8gdb;8gdc;8gdz;8ge1;8ge2;8ge3;8ge4;8ge5;8ge6;8ge7;8ge8;8ge9;8gea;8geb;8gec;8ged;8gee;8gef;8geg;8geh;8gei;8gej;8gf8;8gf9;8gfa;8gfv;8gfw;8gfx;8gfy;8gfz;8gg0;8gg1;8gg2;8gg3;8gg4;8gg5;8gg6;8gg7;8gg8;8gg9;8gga;8ggb;8ggc;8gge;8ggf;8ghj;8ghv;8gjj;8gjk;8gjl;8gk0;8gk4;8gka;8gkg;8gmp;8gmq;8gmr;8gn0;8gn1;8gn2;8go3;8gpr;8gtg;8gti;8gtm;8guq;8gur;8gus;8gut;8gv8;8gv9;8gva;8gvc;8gve;8gvf;8gvh;8gvm;8gvw;8gvx;8gw8;8gy7;8gz1;8gz2;8gz3;8h0p;8h0q;8h2g;8h2u;8h4i;8h4k;8h4l;8h8j;8h8r;8h8s;8ha0;8haf;8hao;8hbd;8hcq;8hcr;8hcx;8hdo;8hdp;8hg3;8hg5;8hg6;8hix;8hj0;8hj1;8hj2;8hj5;8hk2;8hk3;8hk5;8hlv;8hmp;8hmv;8hn1;8hn8;8hnk;8hnl;8hnm;8hoc;8hpd;8hpt;8hq8;8hqc;8hqe;8hqm;8hqn;8hs3;8hsc;8hti;8htu;8hvi;8hw1;8i2g;8i38;8i39;8i3a;8i3b;8i3c;8i3d;8i5b;8i5g;8i5m;8i5n;8i5x;8i5y;8i7v;8i7w;8i91;8i92;8i93;8i95;8i97;8i9a;8i9l;8i9s;8ia2;8ia7;8ia8;8iap;8iaq;8ib5;8ib6;8iba;8ibb;8ibe;8ibf;8ibu;8ibv;8ic0;8ic3;8ic4;8id3;8id4;8id6;8id8;8id9;8ieb;8iei;8iep;8ieq;8ihb;8ihf;8ihh;8ihi;8ihj;8ij3;8ija;8ijb;8ijd;8ijk;8ijl;8ijm;8ijn;8ijv;8ijw;8ijx;8ikg;8ikh;8ikl;8im7;8inr;8ioc;8iod;8iog;8iq4;8iq6;8ir5;8ir6;8ir7;8ir8;8ir9;8ira;8irb;8irc;8ird;8ire;8irf;8irg;8irh;8iri;8irj;8irr;8irs;8irt;8iru;8irv;8itf;8itl;8itm;8iu2;8iuk;8iul;8ium;8iw1;8iw4;8iw7;8iw9;8iwh;8iwj;8iwk;8iwn;8iy9;8iyh;8iys;8iyw;8iz4;8izb;8j00;8j01;8j02;8j03;8j04;8j05;8j0d;8j18;8j19;8j1a;8j1b;8j1d;8j1f;8j1h;8j20;8j21;8j22;8j23;8j24;8j4f;8j5k;8j6d;8j6i;8j6j;8j6l;8j6p;8j6q;8j6r;8j6z;8j7a;8j7b;8j7t;8j7u;8j7v;8j7w;8j7x;8j7y;8j80;8j9n;8jbf;8jbk;8jbl;8jbm;8jc0;8jcb;8jcu;8jcv;8jcw;8jcx;8jcy;8jcz;8jd1;8jd2;8jd3;8jd4;8jd5;8jd6;8jef;8jei;8jer;8jfz;8jgb;8jgf;8jgg;8jh5;8jhb;8jhi;8jhn;8jhy;8jii;8jil;8jim;8jip;8jiq;8jir;8jis;8jit;8jiu;8jiz;8jj0;8jj1;8jj2;8jjp;8jjr;8jkm;8jlj;8jlk;8jln;8jlo;8jlp;8jlq;8jlr;8jlz;8jmn;8jni;8jnj;8jp3;8jpb;8jpc;8jpn;8jpp;8jps;8jqr;8jr9;8jso;8jsp;8jsr;8jt6;8ju5;8ju6;8jvi;8jvj;8jw0;8jxr;8jxs;8jxt;8jxv;8jxw;8jxx;8jy6;8jy7;8jy8;8jz7;8jze;8jzf;8jzp;8jzz;8k0x;8k0z;8k1l;8k2x;8k3z;8k4n;8k4s;8k6m;8k6n;8k6o;8k8e;8k8j;8k9k;8k9l;8kco;8kcp;8kcs;8kct;8kcu;8kde;8kei;8kfx;8kfy;8kfz;8kgg;8kgk;8kh4;8kh5;8oee;8ofx;8ofy;8ofz;8olt;8om1;8omu;8omz;8oo1;8op9;8oq6;8oq7;8oq8;8oqa;8oqy;8oqz;8oud;8ouh;8oui;8ouj;8ovc;8ovd;8p12;8p1i;8p2w;8p2x;8p2y;8p2z;8p30;8p31;8p3q;8p3s;8p3t;8p3u;8p3v;8p3w;8p3x;8p3y;8p3z;8p65;8p7w;8p8a;8p8j;8piv;8pjk;8pkm;8pm2;8pn9;8pok;8pvb;8px7;8pxo;8py4;8q0a;8q0f;8q0j;8q0m;8q0o;8q0q;8q1b;8q1p;8q1u;8q1y;8q25;8q45;8q46;8q47;8q48;8q49;8q4a;8q7b;8qb4;8qb5;8qby;8qc1;8qcm;8qj2;8qqk;8qql;8qro;8qzl;8qzq;8qzt;8r2i;8rgp;8rgq;8rgr;8rgt;8rh4;8rh7;8rh8;8rh9;8rhg;8rmk;8rml;8rmm;8rmn;8rql;8s8z;8s90;8s9b;8s9c;8sai;8sg1;8sgo;8si2;8si3;8si4;8si5;8si6;8si7;8si8;8si9;8sia;8sid;8sik;8sim;8sin;8sjx;8sjy;8sl3;8sl4;8sl6;8sl8;8sla;8sle;8sli;8slp;8slq;8slw;8slx;8sly;8smr;8smv;8snh;8sq0;8sqn;8ss2;8ss3;8ss4;8ss5;8ss6;8ss7;8ss8;8ss9;8ssa;8ssb;8szf;8szg;8szh;8szi;8t0c;8t0e;8t1b;8t1d;8t1e;8t1f;8t3o;8t3q;8t3r;8t3s;8t3u;8t3v;8t44;8t45;8t47;8t6j;8t6u;8t6v;8t7h;8t8m;8tao;8tb0;8tf2;8tf3;8tf4;8th3;8th4;8thg;8thh;8ti1;8ti2;8tow;8tqb;8tr0;8tr2;8trc;8trd;8twv;8twz;8tyw;8tzq;8u02;8u1u;8u26;8u2c;8u2z;8u30;8u3j;8u3l;8u43;8u4d;8u4n;8u4o;8u4p;8u4q;8u4s;8u8f;8ucj;8uck;8ucl;8ucm;8ucn;8uco;8ucp;8ugy;8uh3;8uhb;8unl;8unm;8unn;8uno;8unp;8unq;8unr;8uns;8unt;8unu;8unv;8unw;8unx;8uny;8unz;8uo0;8uo1;8uo2;8uo3;8uo4;8usw;8usx;8utd;8uuj;8uwl;8uxv;8uxy;8uy0;8uy6;8uyq;8v6k;8v6l;8v6m;8v6n;8v6o;8v6u;8v8s;8v91;8v9d;8vhf;8vqc;8vsz;8vu3;8vuh;8vuj;8vun;8vur;8vut;8vuu;8vuw;8vuy;8vv0;8vvf;8vvx;8w2l;8w4o;8w4p;8w4u;8w87;8w88;8w89;8w8a;8w8b;8w8q;8w8r;8w8w;8w8x;8w8y;8wa3;8wa5;8wam;8wb4;8wba;8wbx;8wby;8wbz;8wc3;8wc4;8wc5;8wc6;8wc7;8wc8;8wc9;8wca;8wcb;8wck;8wcl;8wd6;8wej;8wey;8wg7;8wg8;8wg9;8wgb;8wgc;8wgd;8wgh;8wi0;8wi2;8wi5;8wjx;8wla;8wm3;8wm6;8wm9;8wma;8wmj;8wmv;8wmw;8wog;8wp1;8wpg;8wpl;8wpm;8wpn;8wpu;8wrb;8wrz;8wss;8wst;8wtm;8wtn;8wto;8wtp;8wu1;8wvu;8wvy;8ww2;8wwh;8wwi;8wwj;8wwk;8wwl;8wwm;8wwn;8wxe;8wy0;8wyi;8wz2;8x0b;8x0c;8x0d;8x0e;8x0f;8x0g;8x0h;8x16;8x17;8x2k;8x2l;8x3l;8x43;8x52;8x53;8x54;8x79;8x7a;8x8l;8x8n;8x94;8x9s;8x9t;8xbe;8xbh;8xej;8xfp;8xfs;8xft;8xgm;8xgo;8xgr;8xgs;8xgu;8xit;8xjl;8xjm;8xjo;8xkl;8xlk;8xlp;8xls;8xml;8xmm;8xmn;8xmo;8xnl;8xnm;8xnn;8xno;8xnp;8xnq;8xnr;8xns;8xnt;8xnu;8xnv;8xnw;8xnx;8xny;8xnz;8xo0;8xog;8xoh;8xoi;8xoj;8xor;8xos;8xqe;8xqf;8xqj;8xql;8xqn;8xqo;8xqp;8xqr;8xqs;8xqt;8xr6;8xt9;8xum;8xve;8xvh;8xvi;8xvu;8xwa;8xwf;8xwm;8xwn;8xwp;8xwq;8xws;8xwv;8xx3;8xx6;8xx7;8xxh;8xxr;8xxx;8xxz;8xyd;8xzf;8xzg;8xzh;8xzj;8y01;8y51;8y52;8y62;8y69;8y85;8y86;8y8k;8y9y;8y9z;8ya0;8ya2;8ya3;8yas;8yc0;8yh0;8yh2;8yh3;8yh5;8yh6;8yil;8yio;8yjp;8yk0;8ykw;8ykx;8yn2;8yn3;8yn4;8yn5;8yn6;8yn9;8yr0;8yu7;8yuu;8yw3;8yw4;8yy8;8yyw;8z11;8z74;8z7j;8zbe;8zcj;8zd1;8zee;8zet;8zf6;8zf9;8zfa;8zfc;8zfz;8zh8;8zjd;8zje;8zjg;8zle;8zps;8zpt;8zqe;8zrt;8zsj;8zsp;8zyj;9are;9arf;9arg;9arh;9ari;9ary;9as4;9as8;9ast;9axf;9ayf;9b29;9b35;9b36;9b37;9b38;9b39;9b3u;9b3v;9b3w;9b3x;9b3y;9b3z;9b5y;9b5z;9b60;9b61;9b63;9b64;9b65;9b67;9b6a;9b6d;9b6e;9b6g;9b6h;9b6i;9b6j;9b6k;9b8w;9b8y;9b90;9b92;9b93;9b94;9bbc;9bhl;9bhm;9bi6;9bib;9bip;9bkj;9bkk;9bu2;9bu3;9bvh;9bvj;9bwb;9bwc;9bwe;9bwg;9bwj;9bzp;9c3e;9cbl;9cbm;9chu;9chv;9chx;9ci8;9cia;9cq4;9crs;9crv;9ct0;9ctj;9ctp;9ctv;9cuh;9cui;9cuj;9cuk;9cx7;9cxb;9cxc;9cxd;9d37;9d38;9d39;9d3a;9d3c;9d61;9d66;9d67;9dbn;9dhp;9dhq;9dhr;9dhs;9dht;9dm1;9dp6;9drx;9dw4;9dw5;9dw7;9dw8;9dw9;9dxs;9e82;9e9f;9eah;9eai;9eaj;9ebn;9ebo;9ebq;9ee8;9ee9;9eea;9eh5;9epr;9etz;9ew2;9f5y;9fu0;9g0w;9gi0;9gi2;9gyo;9h9e;9ii2;9ii3;9ijd;9ije;9iqt;9itb;9ite;9iv1;9iv2;9ivg;9ixx;9iy8;9iyp;9iyq;9izc;9izh;9j1p;9j31;9j8z;9jdm;9jee;9jfy;9jhj;9jje;9jkq;9jnn;9jr2;9jr3;9jvg;9k1c;9k1d;9k26;9k27;9k6l;9kpd;9kpe;9kpf;9kqp;9kqq;9l3w;9l3y;9lsh;9lsi;9lsj;9lyb;9lyc;9mrk;9mrl;9mrm;9mrn,1afo__A;1be3__K;1bgy__E;1ezv__B;1fft__A;1jb0__M;1l0l__H;1l0l__I;1occ__B;1occ__G;1occ__I;1occ__L;1ppj__J;1qcr__D;1qcr__I;1rh5__C;1rhz__B;1s5l__I;1s5l__K;1sqq__K;1vcr__A;1w5c__F;2akh__X;2akh__Z;2axt__E;2lat__A;2o01__N;2qks__A;2rdd__B;2ww9__H;2ww9__I;2ww9__J;2ww9__K;2ww9__L;2ww9__M;2ww9__N;2ww9__O;2wwa__C;2wwb__C;2xzb__B;2ybb__5;2ybb__7;2zqp__E;3cwb__C;3cx5__D;3cx5__G;3din__A;3din__C;3din__D;3din__E;3dl8__C;3dl8__E;3ixz__B;3j45__T;3j45__U;3j45__Y;3j46__n;3j5q__A;3jcu__Q;3jcu__U;3kzi__H;3lw5__H;3mp7__B;3oe0__C;3rko__A;3rko__K;3tgu__I;3wvf__A;4c48__C;4cg6__D;4d6t__I;4d6t__V;4d6u__I;4gbr__B;4h1w__B;4he8__B;4he8__D;4he8__E;4hea__2;4hea__W;4kyt__B;4rku__3;4rku__I;4u5b__E;4xk8__K;4xt3__B;5a1s__B;5a63__D;5abb__Z;5ch4__E;5ch4__G;5djq__N;5eul__V;5gae__C;5gae__D;5gae__E;5gae__F;5gae__G;5gae__H;5gae__I;5gae__J;5gae__K;5gae__L;5gae__M;5gae__N;5gae__O;5gae__P;5gae__Q;5gae__R;5gae__S;5gae__T;5gae__W;5gae__X;5gae__Y;5gae__a;5gae__b;5gae__c;5gae__d;5gae__e;5gae__f;5i32__A;5i6x__A;5iou__A;5iov__B;5irx__E;5iy5__2;5jmn__D;5k7l__A;5kk2__F;5klv__I;5lc5__G;5lc5__O;5lc5__X;5lc5__Z;5lc5__b;5lc5__d;5lc5__h;5lc5__i;5lc5__n;5lc5__o;5lc5__p;5lil__A;5lnk__A;5lnk__Y;5lnk__k;5luf__B;5luf__G;5luf__I;5mg3__D;5mg3__F;5mg3__G;5mx2__Y;5ng5__E;5ng5__F;5nik__D;5o31__Z;5okd__I;5oy0__L;5sy1__B;5v2c__b;5v2c__c;5vai__P;5vbl__A;5vhx__E;5wb2__A;5xnl__P;5xsy__B;5xtc__Q;5xtc__S;5xtc__U;5z62__J;5z62__N;6a69__B;6a90__B;6adq__D;6adq__E;6adq__H;6adq__J;6adq__K;6adq__Y;6c26__B;6cfw__C;6cfw__D;6cfw__E;6cfw__F;6cfw__I;6cfw__J;6cfw__K;6cfw__M;6cfw__N;6cnm__E;6cnn__A;6e1k__E;6e2f__E;6e3y__E;6e3y__P;6ezn__A;6ezn__E;6fj3__A;6fos__O;6g2j__K;6gcs__9;6gcs__J;6gcs__X;6gcs__g;6gcs__j;6giq__V;6giq__d;6giq__e;6giq__g;6giq__h;6giq__j;6giq__k;6h7l__E;6hu9__J;6hu9__l;6hum__I;6hwh__K;6hwh__N;6hwh__j;6i0d__6;6idf__A;6idf__B;6idf__E;6ijo__H;6ijo__X;6iok__A;6itc__G;6iyc__E;6j8e__D;6jo5__2;6jod__C;6jxk__B;6jxr__d;6jxr__n;6k61__I;6k61__X;6kac__0;6kac__3;6kac__A;6kac__X;6kac__q;6kac__u;6khi__1;6khi__M;6khi__Q;6khi__S;6kls__A;6kls__C;6kob__B;6kob__C;6kob__D;6kpc__A;6ks0__A;6l7o__B;6l7o__C;6l7o__G;6l7o__V;6lry__B;6lu1__F;6ly5__F;6m1h__B;6m1i__B;6meo__A;6met__A;6met__G;6n3q__B;6n3q__F;6nbh__P;6nbq__J;6nbq__K;6nbq__O;6nbq__P;6nd1__D;6nd1__E;6nd1__F;6niy__P;6njn__I;6nk6__M;6o3c__A;6oy9__G;6p9x__P;6pb0__U;6pnj__I;6pza__D;6rfq__1;6rfq__2;6rfq__9;6rfq__E;6rfq__J;6rfq__X;6rfq__Z;6rfq__a;6rfq__b;6rfq__c;6rfq__d;6rfq__e;6rfq__i;6rfq__k;6rfq__n;6rfr__Z;6rfs__J;6s7o__C;6s7o__D;6s7o__G;6s7t__A;6s7t__E;6s7t__H;6s7t__I;6sl5__K;6t0b__m;6t0b__r;6tjv__F;6tjv__P;6tjv__Q;6tra__E;6u84__A;6u8y__a;6u8y__b;6u8y__e;6u8y__g;6u8y__h;6u8y__k;6u8y__l;6u8y__m;6u8y__n;6u8y__x;6uus__P;6v00__C;6wbv__B;6wby__A;6wi9__P;6wti__D;6x3s__E;6xbm__R;6xcr__A;6xkw__Y;6xkw__h;6xkw__p;6xsr__A;6yj4__A;6yj4__J;6ysn__A;6ytv__A;6z16__a;6z16__b;6z16__d;6zdb__A;6zka__l;6zka__p;6zka__x;6zkt__V;6zkv__V;6zoo__P;6zpl__C;6zr2__r;6zxr__A;6zzx__I;6zzx__M;6zzy__H;7a23__J;7a23__P;7a23__Y;7a23__a;7a23__b;7a23__d;7a23__g;7a23__h;7a23__j;7a23__l;7a23__s;7a23__t;7a24__S;7a24__U;7a24__z;7ad3__F;7ad3__G;7ad3__H;7aqq__L;7aqq__M;7aqq__O;7aqq__a;7aqq__b;7aqq__d;7aqq__f;7aqq__v;7aqq__x;7aqq__y;7aqw__c;7aqw__g;7aqw__j;7aqw__k;7aqw__m;7aqw__n;7aqw__o;7aqw__p;7ar7__M;7ar7__Q;7ar7__V;7ar7__i;7ar7__l;7ar8__P;7ar8__q;7ar8__r;7ar9__O;7arb__l;7arb__r;7ard__A;7ard__I;7ard__J;7ard__K;7ard__N;7ard__Q;7ard__R;7ard__T;7ard__V;7ard__Y;7ard__a;7ard__c;7ard__d;7ard__f;7ard__i;7ard__k;7ard__o;7ard__q;7ard__r;7ard__t;7ard__z;7ate__D;7b1g__E;7b93__J;7b93__V;7b93__Z;7b93__n;7bgi__G;7bgi__L;7blz__D;7bve__C;7bvh__A;7bw2__K;7c76__B;7cfm__R;7cm3__B;7cr7__A;7cyn__B;7cz5__P;7cz9__C;7d3u__C;7d3u__E;7d3u__F;7d3u__G;7d5q__A;7dr0__K;7dtd__B;7dwq__D;7dwq__F;7dwq__J;7dwq__M;7dwq__W;7dz7__G;7ejx__R;7eu3__0;7eu3__1;7eu3__3;7eu3__4;7eu3__5;7eu3__8;7eu3__9;7eu3__L;7eu3__N;7ewk__H;7ewp__B;7ewp__C;7f16__P;7f1t__A;7f57__E;7f5a__F;7f5b__E;7f8w__E;7ffo__K;7ffo__L;7fhk__A;7fig__X;7jhj__R;7jic__A;7jic__B;7jic__L;7joz__R;7jrg__A;7jrg__F;7jrg__G;7jrg__H;7jrg__J;7jrg__Q;7jrg__W;7jro__c;7jrp__d;7jrp__e;7jrp__f;7jrp__h;7jrp__i;7jrp__j;7jvp__R;7kah__E;7kak__C;7kak__F;7kam__D;7kam__G;7kb5__D;7l0p__G;7lx0__G;7lx0__T;7mjq__G;7mlv__D;7n8o__L;7n8o__Q;7n8o__V;7n8o__Y;7nhp__2;7nhp__3;7nhq__I;7nyr__E;7nyr__G;7o37__I;7o37__T;7o37__m;7o3e__P;7o6y__6;7o6y__S;7o6y__f;7oca__G;7oci__C;7oci__H;7p16__A;7p63__B;7p63__I;7pde__A;7phr__H;7phr__Z;7pi0__M;7q21__B;7q21__K;7q21__x;7qa8__A;7qco__J;7qco__K;7qe5__A;7qhm__C;7qhm__I;7qhm__J;7qhm__U;7qhm__X;7qho__M;7qp9__A;7qru__F;7qru__G;7qru__e;7qsd__i;7qsk__f;7qsk__j;7qsk__s;7qso__Y;7qso__h;7qvm__R;7rja__F;7rja__I;7rjb__M;7rjc__E;7rje__A;7rky__R;7rxc__B;7ryz__C;7rz4__A;7s3d__F;7s3d__J;7sa3__I;7sf8__A;7shf__B;7sx4__C;7sx4__D;7tde__B;7thu__D;7thu__K;7tj8__A;7tmw__C;7tuz__R;7tw3__G;7tyo__P;7tz6__V;7u8g__A;7um4__B;7ura__A;7ure__B;7utz__R;7uzq__Q;7v0s__J;7v2c__d;7v2c__v;7v2d__m;7v61__B;7v9m__P;7vga__A;7vga__B;7vgx__L;7vh0__A;7vug__R;7vvk__P;7vvo__P;7w0n__D;7w2z__L;7w53__C;7w56__C;7w57__C;7wff__G;7wff__a;7wff__b;7wff__d;7wff__g;7wff__i;7wji__A;7wji__C;7wq4__L;7wui__L;7wvx__L;7wvy__L;7wyu__G;7x9c__P;7xha__B;7xjj__E;7xk8__P;7xow__L;7xxi__A;7xz5__R;7y3f__1;7y3f__4;7y3g__R;7y5z__B;7y75__E;7y7b__M;7y8a__K;7y8a__Z;7yit__E;7yj4__A;7yj4__B;7yon__L;7ys6__B;7zc5__C;7zkp__A;7zkp__C;7zkp__W;7zkq__T;7zm7__D;7zm7__H;7zm7__K;7zm7__M;7zm7__R;7zm7__W;7zm7__c;7zm7__e;7zm7__o;7zmb__6;7zmb__F;7zmb__L;7zmb__S;7zmb__U;7zmb__X;7zmb__b;7zmb__g;7zmb__h;7zmg__3;7zmg__a;7zmg__j;7zmg__n;8ab6__I;8ab6__J;8ab6__P;8age__H;8asi__D;8asi__E;8b01__A;8b01__B;8b6j__L;8b6j__a;8b6j__b;8b6j__c;8b6j__e;8b6j__f;8b6j__g;8b6j__h;8b6j__i;8b6j__k;8b6l__B;8b6l__E;8b6l__G;8b6l__H;8b6l__J;8b6l__P;8b9z__f;8ba0__A;8ba0__G;8ba0__J;8ba0__K;8ba0__N;8ba0__W;8ba0__Y;8ba0__b;8ba0__d;8ba0__e;8ba0__g;8ba0__i;8ba0__j;8ba0__k;8ba0__l;8ba0__m;8ba0__o;8ba0__p;8ba0__r;8ba0__s;8bef__L;8bef__Y;8bef__u;8beh__M;8beh__i;8bel__T;8bf9__B;8bf9__R;8bf9__U;8bf9__X;8bf9__d;8bf9__h;8bf9__j;8bf9__k;8bf9__l;8bi0__B;8bvt__A;8bx7__D;8c29__V;8c29__m;8c29__w;8c2s__r;8c2s__s;8ca3__R;8ca5__t;8cte__A;8cte__W;8cte__X;8d3u__G;8dan__A;8dan__B;8ddx__J;8dew__D;8djk__C;8djm__A;8djm__B;8dl7__A;8dnz__A;8dwc__A;8dwy__L;8e93__D;8e9g__B;8e9g__C;8e9g__O;8e9h__I;8e9h__J;8e9i__E;8eeq__D;8eqm__E;8eqm__h;8eqm__l;8eqm__o;8eqm__t;8eqm__u;8eqm__x;8es8__M;8f0s__B;8f4b__B;8f7q__P;8flt__R;8fp4__B;8g2y__R;8gy7__M;8gy7__P;8gz3__A;8h4l__R;8h8j__C;8hbd__L;8hcr__M;8hcr__U;8hk5__B;8hmp__R;8hn1__C;8hn8__R;8hnk__L;8i2g__Y;8i7w__B;8i9l__D;8ia8__L;8iap__s;8iaq__X;8ibu__R;8ibv__C;8iwh__4;8iwh__M;8iwh__X;8iwh__Z;8iwh__g;8iwh__w;8iwp__A;8j18__R;8j5k__5;8j5k__q;8j5k__w;8j5k__y;8j6d__D;8j80__A;8jcb__m;8jcb__n;8jd6__C;8jgb__L;8jgf__L;8jjr__U;8jjr__c;8jjr__x;8jjr__y;8jmt__A;8jni__A;8jnj__B;8jpc__G;8jps__B;8jps__D;8jw0__d;8jw0__j;8jwi__A;8jxs__C;8jze__d;8jzf__h;8jzf__i;8jzf__j;8jzf__l;8jzf__m;8k2x__L;8k4s__E;8k8e__G;8kde__1;8kde__3;8kde__D;8kde__G;8kei__D;8kh4__A;8olt__Y;8omz__A;8oqy__C;8ouh__C;8oui__D;8ouj__D;8ovc__c;8p2z__A;8p65__B;8p65__F;8p65__G;8p65__J;8pn9__E;8pn9__F;8q1b__U;8q1b__f;8q1b__g;8q1b__h;8q1b__i;8q1b__j;8q1b__k;8q1b__l;8qby__C;8qby__F;8qby__J;8qby__Q;8qby__R;8qby__q;8qby__t;8qj2__D;8r2i__2;8sl3__A;8smr__E;8smr__F;8smr__J;8smr__K;8smr__L;8t3s__R;8tb0__R;8ucj__d;8ucj__h;8ucj__k;8usw__B;8uxy__A;8vqc__H;8vyj__A;8w8x__L;8wb4__S;8wb4__Y;8wb4__Z;8wb4__o;8wej__B;8wej__C;8wej__D;8wej__E;8wg8__E;8wi0__A;8wi0__B;8wi2__B;8wi5__B;8wla__B;8wm6__d;8wm9__A;8wm9__C;8wmj__Q;8wrz__V;8wst__L;8wu1__C;8wvu__C;8wvy__F;8wwk__L;8wxe__e;8wyi__m;8x53__E;8x54__E;8x8l__C;8xfs__E;8xgm__D;8xgs__F;8xjo__R;8xlp__G;8xlp__W;8xls__W;8xno__s;8xnt__R;8xnt__q;8xnw__r;8xo0__R;8xoj__R;8xqp__R;8xr6__J;8xr6__q;8xtx__A;8xum__A;8xum__B;8xwm__D;8y01__R;8y9y__B;8y9z__B;8ya2__B;8yc0__a;8yjp__A;8ykx__R;8yw4__P;8z11__B;8z11__V;8zee__1;8zet__r;8zh8__Q;8zps__L;9ast__L;9b36__E;9b5y__L;9bh0__A;9c3e__H;9chu__B;9chu__C;9cia__n;9dm1__A;9dw7__G;9e82__B;9eai__B;9eaj__B;9f5y__H;9f5y__K;9f5y__X;9f5y__Y;9f5y__a;9f5y__b;9f5y__c;9f5y__h;9f5y__k;9f5y__o;9f5y__v;9f5y__w;9f5y__y;9gi2__B;9h9e__C;9ii2__R;9ivg__P;9j1p__P;9jje__A;9kpe__R;9kqp__O;9kqq__G;9l3y__L;9lsh__C
1,val,254,138,950178,442492,507686,0.4656937963202684,1c17;1qo1;1yce;2w5j;2wgm;2wie;2wpd;2xnd;2xok;2xqs;2xqt;2xqu;3u2f;3u2y;3u32;3ud0;3v3c;3zk1;3zk2;3zry;4b2q;4bem;4f4s;4mjn;4v1f;4v1g;4v1h;5ara;5are;5arh;5ari;5bps;5bq6;5bqa;5bqj;5dn6;5fij;5fik;5fil;5fl7;5lqx;5lqy;5lqz;5t4o;5t4p;5t4q;6b2z;6b8h;6cp3;6cp5;6cp6;6cp7;6f36;6fkf;6fkh;6fki;6j54;6j5a;6j5i;6j5j;6oqr;6oqs;6oqt;6oqu;6oqv;6oqw;6pqv;6rd4;6rd5;6rd7;6rd8;6rd9;6rda;6rdb;6rdc;6rdd;6rde;6rdf;6rdg;6rdh;6rdi;6rdj;6rdk;6rdl;6rdm;6rdn;6rdo;6rdp;6rdq;6rdr;6rds;6rdt;6rdu;6rdv;6rdw;6rdx;6rdy;6rdz;6re0;6re1;6re2;6re3;6re4;6re5;6re6;6re7;6re8;6re9;6rea;6reb;6rec;6red;6ree;6ref;6rep;6rer;6res;6ret;6reu;6tdx;6tdy;6tdz;6te0;6tmh;6tqj;6tt7;6vm1;6vm4;6vmb;6vmg;6vof;6voh;6voj;6vol;6von;6vwk;6wnq;6wnr;6wtd;6ynw;6z1r;6z1u;6zbb;6zg7;6zg8;6zik;6ziq;6zit;6ziu;6zmr;6zpo;6zqm;6zqn;7jg5;7jg6;7jg7;7jg8;7jg9;7jga;7jgb;7jgc;7njk;7njl;7njm;7njn;7njo;7njp;7njq;7njr;7njs;7njt;7nju;7njv;7njw;7njx;7njy;7nk9;7nkb;7nkk;7nkn;7nkp;7nl9;7p2y;7p3n;7p3w;7tjz;7tk1;7tk2;7tk4;7tk5;7tk7;7tk8;7tk9;7tka;7tkb;7tkc;7tkd;7tke;7tkf;7tkg;7tkh;7tki;7tkj;7tkk;7tkl;7tkn;7tko;7tkp;7tkr;7tks;7y5b;7y5c;7y5d;8ap9;8dbs;8fl8;8g07;8g0b;8g0c;8h9f;8h9g;8h9j;8h9k;8h9m;8h9n;8h9q;8h9r;8h9v;8j0s;8j0t;8j57;8j58;8jr0;8jr1;8khf;8ki3;9b3j;9bpg;9evd;9itj;9itk;9itl;9itm;9itn;9ito;9itp;9itq;9itr;9itt;9itu;9itv;9itw;9itx;9itz,1a91__A;1c17__M;1qo1__G;2wie__A;2wpd__I;4b2q__T;4bem__J;5ara__U;5dn6__H;5dn6__I;5dn6__J;5dn6__X;5dn6__Z;5lqx__I;5lqx__V;5lqx__W;5lqx__Y;6b2z__L;6b2z__M;6b2z__N;6b2z__O;6b2z__Q;6b8h__b;6b8h__i;6b8h__k;6cp3__6;6cp3__7;6cp3__J;6cp3__U;6cp5__7;6cp5__Z;6cp6__Y;6f36__N;6fkf__d;6fkf__p;6fkh__b;6j54__f;6j54__i;6j5a__8;6j5a__b;6j5a__d;6j5i__I;6j5i__c;6j5j__8;6oqr__W;6rd4__0;6rd4__1;6rd4__2;6rd4__3;6rd4__4;6rd4__5;6rd4__6;6rd4__7;6rd4__8;6rd4__9;6rd4__M;6rd4__P;6rd4__Q;6rd4__R;6rd4__S;6rd4__T;6rd4__X;6rda__P;6rda__T;6rdj__P;6tdx__0;6tdx__H;6tdx__I;6tdx__O;6tdy__J;6tdy__M;6tdz__C;6tdz__N;6tdz__c;6tdz__h;6tmh__G;6tmh__H;6tmh__d;6tmh__e;6tmh__i;6tt7__M;6vwk__X;6ynw__P;6ynw__d;6ynw__e;6z1r__J;6z1r__b;6z1r__h;6z1u__b;6z1u__h;6ziq__8;6ziq__C;6ziq__O;6ziq__e;6zit__L;6zit__S;6ziu__S;6zmr__j;6zqn__e;7jg5__b;7jg8__d;7jgb__d;7jgc__b;7njt__d;7nju__b;7nk9__H;7nkb__C;7nkp__G;7nkp__H;7nl9__G;7p2y__p;7tjz__X;8ap9__G;8ap9__I;8ap9__O;8dbs__H;8h9f__G;8h9f__M;8j0s__G;8j0t__H;8j0t__a;9b3j__H;9b3j__K;9b3j__N;9b3j__T;9bpg__I;9bpg__K;9bpg__M;9bpg__Q;9bpg__R;9bpg__S;9evd__7;9itj__R;9itj__W;9itj__X;9itk__W;9itm__X;9itz__X
2,test,218,37,249059,127412,121647,0.5115735628907206,1aig;1aij;1ds8;1dv3;1dv6;1dxr;1e14;1e6d;1eys;1f6n;1fnp;1fnq;1ijd;1jgw;1jgx;1jgy;1jgz;1jh0;1k6l;1k6n;1kby;1kzu;1l9b;1l9j;1lgh;1m3x;1mps;1nkz;1ogv;1pcr;1prc;1pss;1pst;1qov;1r2c;1rg5;1rgn;1rqk;1rvj;1ry5;1rzh;1rzz;1s00;1umx;1vrn;1yf6;1yst;1z9j;1z9k;2bnp;2bns;2boz;2fkw;2gmr;2gnu;2hg3;2hg9;2hh1;2hhk;2hit;2hj6;2i5n;2j8c;2j8d;2jbl;2jiy;2jj0;2prc;2rcr;2uws;2uwt;2uwu;2uwv;2uww;2ux3;2ux4;2ux5;2uxj;2uxk;2uxl;2uxm;2wjm;2wjn;2wx5;2x5u;2x5v;3d38;3dsy;3dta;3dtr;3dts;3du2;3du3;3duq;3g7f;3i4d;3prc;3t6d;3t6e;3v3y;3v3z;3wmm;3zum;3zuw;4ac5;4cas;4h99;4h9l;4hbh;4hbj;4in5;4in6;4in7;4lwy;4n7k;4n7l;4rcr;4tqq;5lri;5lse;5m7j;5m7k;5m7l;5nj4;5o4c;5o64;5prc;5v33;5y5s;5yq7;6et5;6prc;6q53;6z02;6z1j;6z27;6z5r;6z5s;6zhw;6zi4;6zi5;6zi6;6zi9;6zia;6zid;6zxa;7c52;7c9r;7ddq;7eqd;7f0l;7mh3;7mh4;7mh5;7mh8;7mh9;7mha;7od5;7oy8;7p0q;7p17;7p2c;7prc;7q7f;7q7g;7q7h;7q7j;7q7m;7q7n;7q7o;7tuw;7tv3;7vnm;7vny;7voy;7vrj;7vy3;7xxf;7yml;7z8d;7zcu;7zdi;7ze3;7ze8;8b64;8c3f;8c5x;8c6k;8c7c;8c87;8c88;8fb9;8fbb;8hju;8hjv;8iug;8iun;8j5o;8j5p;8jc8;8jc9;8vtj;8vtk;8vtm;8wdu;8wdv;8ydm;8ygd;8ygl;8ypb;8ypd;8z81;8z82;8z83;8zjw;8zk2;9j2f;9k3q,1aig__L;1kzu__B;1l9j__C;1lgh__A;3wmm__A;6et5__2;6q53__A;6z5s__W;6zxa__A;6zxa__B;7c52__b;7c9r__C;7c9r__Q;7ddq__X;7vnm__X;7vny__Y;7xxf__a;7yml__D;7yml__Y;7zcu__S;8b64__X;8hju__C;8hju__X;8hju__Y;8hju__Z;8iug__5;8ydm__A;8ydm__B;8ydm__C;8ydm__N;8ygl__X;8z81__a;8z81__b;8z82__a;8zjw__A;8zk2__H;9j2f__F
3,test,204,2,140881,22315,118566,0.15839609315663575,1ap9;1at9;1bm1;1brd;1brr;1brx;1c3w;1c8s;1cwq;1dze;1e0p;1e12;1f4z;1f50;1fbb;1fbk;1h2s;1iw6;1iw9;1ixf;1kg8;1kg9;1kgb;1m0k;1m0l;1m0m;1o0a;1p8h;1p8i;1p8u;1pxr;1pxs;1py6;1q5i;1q5j;1qhj;1qko;1qkp;1qm8;1s51;1s53;1s54;1tn0;1tn5;1uaz;1ucq;1vgo;1vjm;1x0s;1xio;2at9;2brd;2ei4;2f93;2f95;2i1x;2i20;2i21;2jaf;2jag;2m3g;2ntu;2ntw;2wjk;2wjl;2zfe;2zzl;3a7k;3abw;3am6;3coc;3hao;3mbv;3ns0;3nsb;3qbg;3qbi;3qbk;3qbl;3t45;3vhz;3vi0;3vvk;3wqj;4fbz;4fpd;4gyc;4jq6;4jr8;4kly;4knf;4l35;4md1;4md2;4ov0;4pxk;4qi1;4qry;4tl3;4x31;4x32;4xxj;5a44;5a45;5ahy;5ahz;5b0w;5b6v;5b6w;5b6x;5b6y;5b6z;5br2;5br5;5etz;5g36;5h2h;5h2i;5h2j;5h2k;5h2l;5h2m;5h2n;5h2o;5h2p;5itc;5ite;5j7a;5jje;5jjj;5jjn;5kkh;5uk6;5vn7;5zil;5zim;5zin;6g7h;6g7i;6g7j;6g7k;6g7l;6ga1;6ga2;6ga3;6ga4;6ga5;6ga6;6ga7;6ga8;6ga9;6gaa;6gab;6gac;6gad;6gae;6gaf;6gag;6gah;6gai;6gyh;6k6i;6k6j;6k6k;6lm0;6lm1;6rmk;6rnj;6rph;6rqo;6rqp;6wp8;6xl3;7avo;7b03;7bmh;7xjc;7xjd;7xje;7zcm;7zmy;7zn0;7zn3;7zn8;7zn9;7zna;7znb;7znc;7znd;7zne;7zng;7znh;7zni;7zou;7zov;7zow;7zoy;8anq;8cnk;8cqc;8cqd;8h79;8xx8;9f9g,7zcm__B;8rss__A
4,test,195,9,232756,56545,176211,0.2429368093625943,2hyd;2onj;3b5w;3b5x;3b5y;3b5z;3b60;3qf4;3wme;3wmf;3zdq;4a82;4ayt;4ayw;4ayx;4mrn;4mrp;4mrr;4mrs;4mrv;4myc;4myh;4q4a;4q4h;4q4j;4ry2;4s0f;5mkk;5och;5ttp;5tv4;6a6m;6a6n;6bl6;6bpl;6bpp;6o30;6p6i;6p6j;6pam;6pan;6pao;6paq;6par;6quz;6qv0;6qv1;6qv2;6r72;6r81;6raf;6rag;6rah;6rai;6raj;6rak;6ral;6ram;6ran;6tej;6uz2;6uzl;6v9z;6vqt;6vqu;7bcw;7bg4;7d7n;7d7r;7dny;7dnz;7dqv;7ehl;7ekl;7ekm;7fc9;7m33;7met;7mew;7n58;7n59;7n5a;7n5b;7ocy;7ow8;7ph2;7ph3;7ph4;7ph7;7pqx;7pr1;7pro;7pru;7psd;7psl;7psm;7psn;7rit;7sel;7sgr;7t54;7t55;7t56;7t57;7v5c;7v5d;7vfi;7vgf;7vr5;7wiu;7wiv;7wiw;7wix;7znu;7zo8;7zo9;7zoa;8chb;8dck;8dmm;8dmo;8fhk;8fmv;8fpf;8fwk;8gk7;8hf4;8hf5;8hf6;8hf7;8k4b;8k7a;8k7b;8k7c;8qoe;8rez;8rf1;8rg7;8rga;8rgn;8ri1;8ria;8szc;8t1p;8t3k;8tso;8tsp;8tsq;8tsr;8tss;8vp1;8vp8;8vpa;8vsi;8wcw;8wcx;8yr3;8yr4;9azl;9dbq;9fuq;9fur;9fus;9fut;9fuu;9fuv;9fuw;9fuy;9fuz;9fv0;9fv1;9fv2;9fv3;9fv4;9fv5;9fv6;9fv7;9fv8;9fv9;9fva;9fxc;9g2k;9g2l;9g2m;9g2p;9g2s;9g2t;9g2v;9g2x;9g2y;9g2z;9g36;9g37;9gl3;9gsj,3qf4__A;7met__B;7sgr__G;7sgr__H;7sgr__K;7t55__C;7zo8__A;8dck__C;8fpf__D
5,test,150,41,313229,76535,236694,0.24434199898476833,2bg9;3jbr;4aq5;4aq9;4bog;4boi;4bon;4boo;4bor;4bot;4pir;5gjv;5gjw;5kxi;6be1;6cnj;6cnk;6dg7;6dg8;6hin;6hio;6hiq;6his;6jp5;6jp8;6jpa;6jpb;6np0;6pv7;6pv8;6ur8;6usf;6uwz;6w1j;6w1m;6w1y;6wb9;6ww7;6y1z;6y59;6y5a;6y5b;6z3w;7adp;7eki;7ekp;7ekt;7jpk;7jpl;7jpv;7jpw;7jpx;7koo;7koq;7kox;7kra;7ktx;7mix;7miy;7qko;7ql5;7ql6;7smm;7smq;7smr;7sms;7smt;7uhf;7uhg;7vfs;7vfu;7vfv;7vfw;7xlq;7yg5;7z14;8aw2;8axd;8bl8;8c1w;8c1z;8c20;8c21;8cc6;8cc7;8e56;8e57;8e58;8e59;8e5a;8e5b;8eog;8eoi;8epl;8epm;8esk;8f2s;8f6y;8f6z;8fd7;8fhs;8frw;8frx;8frz;8fsb;8fsp;8fsz;8hlp;8j0n;8j0o;8ssz;8st0;8st1;8st2;8st3;8st4;8ut1;8utb;8uzj;8v80;8v82;8v86;8v88;8v89;8v8a;8v8c;8v8d;8we6;8we7;8we8;8we9;8wea;8x90;8x91;8x93;8zfl;8zfm;9avu;9avv;9awj;9awk;9dmg;9dmh;9dmj;9dmk;9dmq;9dms;9dmt;9dmv;9eii,3jbr__B;3jbr__F;5gjv__B;5gjv__C;6jp5__E;6jp5__F;6kzo__A;6uwz__F;6wb9__4;6ww7__I;6z3w__A;6z3w__D;6z3w__E;6z3w__H;7adp__A;7adp__D;7adp__F;7ekp__A;7kra__A;7kra__C;7kra__D;7kra__F;7kra__G;7kra__H;7ktx__B;7ktx__E;7vfu__E;8eoi__G;8j0n__B;8j0n__E;8we8__B;8x90__A;9eii__B;9eii__D;9eii__F;9eii__J;9eii__L;9eii__P;9eii__T;9eii__X;9eii__Z
6,val,133,10,130875,43617,87258,0.33327220630372495,1bl8;1j95;1jvm;1k4c;1k4d;1r3i;1r3j;1r3k;1r3l;1s5h;1zwi;2a79;2a9h;2atk;2bob;2boc;2dwd;2dwe;2h8p;2hfe;2hg5;2hjf;2hvj;2hvk;2ih1;2ih3;2itc;2itd;2jk5;2nlj;2p7t;2qto;2r9r;2w0f;3f5w;3f7v;3f7y;3fb5;3fb6;3fb7;3fb8;3gb7;3hpl;3ifx;3iga;3lnm;3lut;3ogc;3or6;3or7;3stl;3stz;4jta;4jtc;4jtd;4lbe;4lcu;4uuj;5e1a;5ebl;5ebm;5ebw;5ec1;5ec2;5j9p;5vk6;5vke;5vkh;5wie;6ebk;6ebm;6nfu;6nfv;6pa0;6w0a;6w0b;6w0c;6w0d;6w0e;6w0f;6w0g;6w0h;6w0i;6w0j;7e84;7e87;7e8b;7e8e;7e8h;7ej1;7ej2;7f0j;7f3f;7m2h;7m2i;7m2j;7mdj;7mhr;7mhx;7mjt;7mk6;7mub;7phh;7phi;7phk;7phl;7pqt;7pqu;7rp0;7sip;7sit;7siz;7sj1;7ssv;7ssx;7ssy;7ssz;7w3y;7w6n;7w6s;7w6t;7wf3;7wf4;8dfl;8f1c;8f1d;8quc;8qud;8teo;8vc3;8vc4;8vc6;8vch,2a79__B;4jtc__Y;4msw__C;5wie__B;7e8e__K;7e8h__I;7w6n__A;7wf3__C;7wf3__J;8vc3__A
7,val,118,1,182342,60706,121636,0.33292384639852585,2xq3;2xq4;2xq5;2xq6;2xq7;2xq8;2xq9;2xqa;3eam;3ehz;3ei0;3lsv;3p4w;3p50;3tls;3tlt;3tlu;3tlv;3tlw;3uu3;3uu4;3uu5;3uu6;3uu8;3uub;4f8h;4hfb;4hfc;4hfd;4hfe;4hfh;4hfi;4il4;4il9;4ila;4ilb;4ilc;4ire;4lmj;4lmk;4lml;4npp;4npq;4qh1;4qh4;4qh5;4x5t;4zzb;4zzc;5hcj;5hcm;5heg;5heh;5iux;5j0z;5l47;5l4e;5l4h;5muo;5mur;5mvm;5mvn;5mzq;5mzr;5mzt;5njy;5nkj;5osa;5osb;5osc;5v6n;5v6o;6emx;6f0i;6f0j;6f0m;6f0n;6f0r;6f0u;6f0v;6f0z;6f10;6f11;6f12;6f13;6f15;6f16;6f7a;6hj3;6hja;6hjb;6hji;6hjz;6hpp;6hy5;6hy9;6hya;6hyr;6hyv;6hyw;6hyx;6hyz;6hz0;6hz1;6hz3;6hzw;6i08;6zgd;6zgj;6zgk;8atg;8i41;8i42;8i47;8i48;8jj3;8wcq;8wcr,4ire__B
8,test,89,40,114394,24216,90178,0.2116894242705037,1l7v;2nq2;2qi9;3dhw;3tui;3tuj;3tuz;4dbl;4fi3;4g1u;4r9u;4yms;4ymt;4ymu;4ymv;4ymw;5b57;5b58;5xu1;6cvl;6jbh;6m96;6oih;7ahc;7ahd;7ahe;7ahh;7arh;7ari;7arj;7ark;7arl;7arm;7k2t;7kyo;7kyp;7lb8;7mbz;7mc0;7mdx;7mdy;7tcg;7tch;7v8i;7v8l;7v8m;7w78;7w79;7w7a;7w7b;7w7c;7w7d;8dku;8dl0;8dn8;8dnc;8dne;8dou;8g3a;8g3b;8g3f;8g3l;8g4c;8g4d;8hd0;8i6o;8i6q;8i6r;8i6s;8idb;8idc;8idd;8igq;8jia;8tsh;8tsi;8tsl;8tsw;8tt3;8tun;8tzj;8tzk;8w6i;8w6j;8x61;8y3x;8ymc;9grc;9gvk,2qi9__C;2qi9__F;3tui__A;3tuz__C;4g1u__B;4ymt__C;5b58__T;5xu1__A;5xu1__S;6cvl__E;6jbh__D;6m96__B;7ahc__A;7ahe__C;7ahh__A;7arm__A;7kyo__C;7lb8__B;7lb8__D;7mdy__A;7mdy__B;7tch__A;7v8l__A;7w78__B;7w7c__D;8dku__A;8g3a__D;8hd0__E;8i6o__E;8i6q__A;8i6s__E;8idb__D;8idd__E;8igq__E;8jia__E;8tsh__C;8tt3__L;8tzk__E;8w6j__E;8ymc__C
9,val,83,4,77851,26762,51089,0.34375923237980244,3rvy;3rvz;3rw0;4bgn;4dxw;4ekw;4ms2;4mtf;4mtg;4mto;4mvm;4mvo;4mvq;4mvr;4mvs;4mvu;4mvz;4mw3;4mw8;5ek0;5hvd;5hvx;5klb;5klg;5kls;5kmd;5kmf;5kmh;5vb2;5vb8;5yua;5yub;5yuc;6c1e;6c1k;6c1m;6c1p;6juh;6ke5;6keb;6mvv;6mvw;6mvx;6mvy;6mwa;6mwb;6mwd;6mwg;6n4i;6n4q;6n4r;6p6w;6p6x;6p6y;6sx5;6sx7;6sxc;6sxe;6sxf;6sxg;6vwx;6vx3;6vxo;6w6o;6yz2;6z8c;7k48;8div;8diw;8dix;8diy;8diz;8dj0;8dj1;8h9o;8h9w;8h9x;8h9y;8ha1;8ha2;8s6j;8vgl;8vgm,4bgn__A;6n4i__E;6w6o__C;8vgl__A
10,val,82,1,87809,28211,59598,0.32127686228063185,2zw3;3iz1;3iz2;5er7;5era;6l3t;6l3u;6l3v;6mhq;6mhy;6uvr;6uvs;6uvt;7f92;7f93;7f94;7jjp;7jkc;7jlw;7jm9;7jmc;7jmd;7jn0;7jn1;7qeo;7qeq;7qer;7qes;7qet;7qeu;7qev;7qew;7qey;7xki;7xkk;7xkt;7xl8;7xnh;7xnv;7xq9;7xqb;7xqd;7xqf;7xqg;7xqh;7xqi;7xqj;7z1t;7z22;7z23;7zxm;7zxn;7zxo;7zxp;7zxq;7zxt;8gn7;8gn8;8gnb;8hkp;8iyg;8q9z;8qa0;8qa1;8qa2;8qa3;8qjf;8qjh;8qk6;8qki;8qko;8qoj;8qvn;8r7p;8r7q;8xgd;8xge;8xgf;8xgg;8xgj;8xh8;8xh9,8iyg__A
11,val,82,17,133128,38275,94853,0.28750525809747013,1e7p;1kf6;1kfy;1l0v;1nek;1nen;1qlb;1yq3;1yq4;1zoy;1zp0;2acz;2b76;2bs2;2bs3;2bs4;2fbw;2h88;2h89;2wdq;2wdr;2wdv;2wp9;2wqy;2ws3;2wu2;2wu5;3abv;3ae1;3ae2;3ae3;3ae4;3ae5;3ae6;3ae7;3ae8;3ae9;3aea;3aeb;3aec;3aed;3aee;3aef;3aeg;3cir;3p4p;3p4q;3p4r;3p4s;3sfd;3sfe;3vr8;3vr9;3vra;3vrb;4kx6;4ysx;4ysy;4ysz;4yt0;4ytm;4ytn;4ytp;4yxd;5c2t;5c3j;5vpn;5xmj;6awf;6lum;6myo;6myp;6myq;6myr;6mys;6myt;6myu;6wu6;7d6v;7d6x;7jz2;8gs8,1kf6__C;1kf6__D;1nek__C;1nek__D;1yq3__C;1yq3__D;3vr8__C;3vr8__D;4ysx__A;5xmj__N;5xmj__O;6lum__E;6lum__G;6lum__H;6lum__Q;7d6x__B;7d6x__C
12,val,71,1,36930,16514,20416,0.4471703222312483,3ukm;3um7;4bw5;4i9w;4rue;4ruf;4twk;4wfe;4wff;4wfg;4wfh;4xdj;4xdk;4xdl;6cq6;6cq8;6cq9;6pis;6rv2;6rv3;6rv4;6v36;6v37;6v3c;6v3i;6w7b;6w7c;6w7d;6w7e;6w82;6w83;6w84;6w85;6w86;6w87;6w88;6w8a;6w8c;6w8f;6wlv;6wm0;7lj4;7lj5;7lja;7ljb;7sk0;7sk1;8de7;8de8;8de9;8k1j;8k1q;8k1v;8k1z;8qz1;8qz2;8qz3;8qz4;8ue2;8ue9;8uec;8uf6;9bsn;9bws;9byi;9c07;9c09;9ft7;9g9v;9g9w;9g9x,6cq6__B
13,val,67,1,59209,9132,50077,0.1542333091253019,1kpk;1kpl;1ots;1ott;1otu;2exw;2exy;2ez0;2fec;2fed;2fee;2h2p;2h2s;2hlf;2ht2;2ht3;2ht4;2htk;2htl;2r9h;3det;3ejy;3ejz;3nd0;3q17;4ene;4fg6;4kjp;4kjq;4kjw;4kk5;4kk6;4kk8;4kk9;4kka;4kkb;4kkc;4kkl;4lou;4mqx;5hd8;6ad7;6ad8;6ada;6adb;6adc;6k5a;6k5d;6k5f;6k5i;6lsc;6v2j;7cvs;7cvt;7n8p;7n9w;7rnx;7ro0;7rp5;7rp6;7rq7;7rsb;8ga0;8ga1;8ga3;8ga5;8gah,6lsc__B
14,train,63,1,23636,11064,12572,0.4680995092232188,2ahy;2ahz;2q67;2q68;2q69;2q6a;3e83;3e86;3e89;3e8b;3e8f;3e8g;3e8h;3k03;3k04;3k06;3k08;3k0d;3k0g;3ouf;3t1c;3t2m;3t4d;3t4z;3tcu;3tet;4pdl;4pdm;4pdr;4pdv;4r50;4r6z;4r7c;4r8c;4rai;4ro2;4zbm;6cpv;6dz1;6fiz;6ufe;6v8y;7oor;7oou;7oph;7oq1;7oq2;7pa0;8a35;8a7x;8ayp;8ayq;8ctn;8cts;8ctt;8ctu;8ctv;8ctw;8ctx;8cu1;8cu2;8cu3;8cu4,2ahz__A
15,train,63,20,95740,29777,65963,0.31101942761646123,1u77;1u7c;1u7g;1xqe;1xqf;2b2f;2b2h;2b2i;2b2j;2nmr;2nop;2now;2npc;2npd;2npe;2npg;2npj;2npk;2ns1;2nuu;3c1g;3c1h;3c1i;3c1j;4nh2;5aex;5aez;5af1;5ah3;5aid;5fuf;6b21;6ej6;6ejh;6eu6;6ic4;6xbd;6z5u;6zy2;6zy3;6zy4;6zy9;7cge;7cgn;7ch0;7ch6;7ch7;7ch8;7ch9;7cha;7d06;7d08;7d09;7d0a;8fed;8fee;8fef;8qj3;8qj4;8qpf;8w9m;8wm7;8wm8,2b2f__A;6ic4__L;6z5u__G;6zy2__A;6zy2__C;6zy2__E;7ch8__K;8fed__A;8fed__C;8fed__E;8fed__F;8fed__J;8fed__K;8fee__D;8fee__I;8fef__B;8w9m__C;8wm7__C;8wm7__F;8wm8__B
16,train,61,46,310083,118047,192036,0.38069484621859306,3j9t;3j9u;3j9v;5gar;5gas;5tj5;5tsj;5vox;5voy;5voz;5y5x;5y5z;5y60;6c6l;6ly9;6m0r;6m0s;6o7t;6o7u;6o7v;6o7w;6o7x;6pe4;6pe5;6qum;6r0w;6r0y;6r0z;6r10;6vq6;6vq7;6vq8;6vqc;6vqg;6vqh;6wlw;6wm2;6wm3;6wm4;6xbw;6xby;7fda;7fdb;7fdc;7khr;7tao;7tap;7tmr;8eas;8eat;8eau;8ywt;8yxz;8yy0;8yy1;9b8o;9bry;9brz;9e76;9e7l;9mj4,3j9t__b;5gar__K;5gar__O;5tj5__A;5tj5__P;5vox__P;6c6l__O;6ly9__N;6m0r__D;6pe4__A;6pe4__B;6pe4__Q;6qum__A;6qum__H;6qum__I;6qum__L;6vq6__L;6vq6__c;6vq6__p;6vq8__I;6vq8__M;6vqc__H;6vqc__a;6wlw__0;6wlw__U;6wm2__P;6wm2__Y;6wm4__O;6xbw__f;7fda__G;7fda__H;7khr__f;7tmr__F;8eat__A;8eat__B;8eau__d;8eau__e;8eau__p;8ywt__K;8ywt__L;8ywt__M;9b8o__H;9b8o__L;9b8o__f;9bry__e;9brz__s
17,train,57,4,77834,11360,66474,0.14595164067117197,6k7g;6k7h;6k7i;6k7j;6k7k;6k7l;6k7m;6k7n;6lcp;6lcr;6lkn;6psx;6psy;6roh;6roi;6roj;7bsp;7bsq;7bss;7bsu;7bsv;7bsw;7drx;7dsh;7dsi;7f7f;7ky5;7ky6;7ky7;7ky8;7ky9;7kya;7kyb;7kyc;7oh4;7oh5;7oh6;7oh7;7pem;7py4;7vgh;7vgi;7vgj;7vsg;7vsh;7whv;7whw;8ox4;8ox5;8ox6;8ox7;8ox8;8ox9;8oxa;8oxb;8oxc;9dzv,6lcr__A;7bss__A;7vgi__A;8ox6__A
18,train,49,1,49284,2873,46411,0.05829478126775424,2a65;2q72;2qb4;2qei;3f3a;3f3c;3f3d;3f3e;3f48;3f4i;3f4j;3gjc;3gjd;3gwu;3gwv;3gww;3mpn;3mpq;3qs4;3qs5;3qs6;3tt1;3tt3;3tu0;3usg;3usk;3usl;3usm;3uso;3usp;4fxz;4fy0;4hmk;4hod;4mm4;4mm8;4mmd;4mme;4mmf;5jae;6xwm;6yu2;7dii;7dix;7dj1;7dj2;7lqj;7lqk;7lql,6yu7__A
19,train,45,2,84495,51396,33099,0.6082726788567371,4rdq;5t5n;6n23;6n24;6n25;6n26;6n27;6n28;6vx5;6vx6;6vx7;6vx8;6vx9;8d1e;8d1f;8d1g;8d1h;8d1i;8d1j;8d1k;8d1l;8d1m;8d1n;8d1o;8ecy;9ctq;9ctr;9cts;9ctt;9dyh;9dyi;9dyj;9dyk;9dyl;9dym;9dyn;9dyo;9efz;9egm;9egq;9egs;9egt;9kc9;9kca;9kp6,8ecy__A;9dyi__E
20,train,43,1,18481,6757,11724,0.3656187435744819,2pno;2q7m;2q7r;2uuh;2uui;3b29;3dww;3hkk;3leo;3pcv;4al0;4al1;4bpm;4j7t;4j7y;4jc7;4jcz;4jrz;4nta;4ntb;4ntf;4wab;4yk5;4yl0;4yl1;4yl3;5bqg;5bqh;5bqi;5hv9;5k0i;5t36;5t37;5tl9;6r7d;6ssr;6sss;6ssu;6ssw;6vgc;6vgi;6vl4;8pyv,6ssw__B
21,train,42,5,42345,3349,38996,0.07908844019364741,6irs;6irt;6jmq;6li9;6lid;6yup;6yuz;7b00;7ccs;7cmh;7cmi;7dsk;7dsl;7dsn;7dsq;7epz;7nf6;7nf8;7p9u;7p9v;8a6l;8ida;8j8l;8j8m;8kdd;8kdf;8kdg;8kdh;8kdi;8kdj;8kdn;8kdo;8kdp;8qey;8wk6;8wns;8wnt;8wny;8x0w;8xpu;8ylp;9kju,6jmq__A;6li9__A;7dsk__A;8a6l__C;8kdf__A
22,train,40,1,51794,6962,44832,0.13441711395142295,6rtc;6rtf;7ch1;7lgu;7lgw;7lh2;7lh3;7s8x;7s9a;7s9b;7s9c;7s9d;7s9e;7sun;7v73;7v74;7v75;7wk1;7wk7;7wl2;7wl7;7wl9;7wla;7wle;7xlm;7xuh;7xuj;7xul;8hzn;8iet;8opq;8sgw;8sh3;8shc;8sie;8tnw;8tnx;8tny;8uc1;8uuk,8opq__B
23,train,40,4,30801,8132,22669,0.26401740203240154,1ehk;1xme;2qpd;2qpe;3bvd;3eh3;3eh4;3eh5;3qjq;3qjr;3qjs;3qjt;3qju;3qjv;3s33;3s38;3s39;3s3a;3s3b;3s3c;3s3d;3s8f;3s8g;4fa7;4faa;4g70;4g71;4g72;4g7q;4g7r;4g7s;4gp4;4gp5;4gp8;4n4y;5ndc;7deg;8hua;8k65;8k6y,1ehk__C;1xme__A;7deg__E;7deg__F
24,train,39,1,37639,4385,33254,0.11650150110257977,4f35;5ul7;5ul9;5uld;5ule;6okz;6ol0;6ol1;6wtx;6wu3;6ww5;7jsj;7jsk;7t9f;7t9g;8uvb;8uvc;8uvd;8uve;8uvf;8uvg;8uvh;8uvi;8w6c;8w6d;8w6g;8w6h;8w6n;8w6o;8w6t;8y5u;8y5w;8y5x;8y5y;8y5z;8zl1;8zl3;8zl4;8zl6,8y5u__A
25,train,38,5,109347,19702,89645,0.18017869717504825,5zsu;6djb;6g8z;6g9l;6g9o;6m04;6nzw;6nzz;6o00;7m17;7m19;7p5v;7p5w;7p5y;7p60;7p6k;7xzh;8b40;8b41;8b42;8dr8;8dre;8drk;8ds3;8ds9;8dsa;8dxn;8dxo;8dxp;8dxq;8dxr;8f74;8f77;8f79;8f7b;9dx7;9dxa;9f16,8b40__A;8dsa__F;9dx7__E;9f16__A;9f16__B
26,train,36,6,136571,19040,117531,0.1394146634351363,5tj6;5tji;6v22;6v35;6v38;6v3g;7pxe;7pxf;7pxg;7pxh;7rjt;7rk6;7ynz;7yo0;7yo1;7yo2;7yo3;7yo4;7yo5;8gh9;8ghf;8ghg;8s3e;8v60;8v63;8v64;8vav;8vaz;9czh;9czj;9czk;9czm;9czo;9czq;9d18;9d19,6v35__A;7yo1__B;8s3e__E;8vav__A;8vaz__E;9czq__E
27,test,34,1,74440,23389,51051,0.3141993551853842,6ltn;6lto;6m02;6m66;6m67;6m68;6uzy;6v6d;6vd7;6wbf;6wbg;6wbi;6wbk;6wbl;6wbm;6wbn;7dwb;7f8j;7f8n;7f8o;7wsv;7xl6;8a3b;8gtr;8gts;8gtt;8gyo;8gyp;8gyt;8hwq;8wza;9bz7;9bz8;9krg,6uzy__A
28,train,33,1,32563,9868,22695,0.3030433313883856,3h9v;3i5d;4dw0;4dw1;5f1c;5svj;5svk;5svl;5svm;5svp;5svq;5svr;5svs;5svt;5u1l;5u1u;5u1v;5u1w;5u1x;5u1y;5wzy;5xw6;5yve;6ah4;6ah5;8jv5;8jv6;8jv7;8jv8;9bpd;9bqh;9bqi;9c48,5u1w__A
29,train,33,17,54937,13996,40941,0.2547645484828076,2onk;2r6g;3d31;3fh6;3puv;3puw;3pux;3puy;3puz;3pv0;3rlf;4jbw;4khz;4ki0;4tqu;4tqv;4xig;4xtc;7cad;7cae;7caf;7cag;8hpl;8hpm;8hpn;8hpr;8hps;8ja7;8y5f;8y5g;8y5h;8y5i;8zx1,2onk__B;2onk__E;2r6g__F;3d31__B;3d31__D;3fh6__F;3puv__E;4jbw__N;4tqu__Q;4xig__M;4xig__N;7cad__B;7cae__E;7cag__A;8y5f__B;8y5f__C;8y5i__E
30,train,29,13,48585,16065,32520,0.3306576103735721,6m4n;6m4o;7cqi;7cqk;7k0i;7k0j;7k0k;7k0l;7k0m;7k0n;7k0o;7k0p;7k0q;7yiu;7yiy;7yj1;7yj2;7yjk;7yjm;7yjn;7yjo;8c80;8c81;8c82;8iaj;8iak;8iam;8qof;8qog,6m4n__D;6m4o__B;7cqk__C;7k0i__C;7k0m__D;7yj2__E;7yjk__A;7yjm__C;7yjm__E;8c80__A;8c80__D;8c81__C;8c81__E
31,train,29,1,35756,4718,31038,0.13194988253719656,4wis;4wit;6dz7;6e0h;6e1o;6oy3;6qm4;6qm5;6qm6;6qm9;6qma;6qmb;7rwj;7rx2;7rx3;7rxa;7rxb;7rxg;8toi;8tok;8tol;8tpm;8tpn;8tpo;8tpp;8tpq;8tpr;8tps;8tpt,7rxg__B
32,train,27,3,34876,1937,32939,0.055539626103911,5z1f;6ijz;6jpf;6mgv;6mgw;6oce;8grn;8gro;8gso;8t56;8xaj;8xng;8xry;8xs0;8xs4;8xs5;8xvx;8xvy;8xvz;8xw0;8xw2;8xw3;8ymm;8ymn;8ymo;8ymp;8ymq,8t56__C;8xs0__B;8xs5__A
33,train,27,1,45592,12498,33094,0.2741270398315494,2bbj;2hn2;2iub;3jcf;3jcg;3jch;4eeb;4eed;4i0u;5jrw;5jtg;8tmb;8tmc;8tmd;8tme;8tmf;8tmg;8tmh;8tmi;8tmj;8tmk;8tml;8tmm;8tmn;8tmo;8tmp;8tmq,8tmj__D
34,train,26,16,45583,10717,34866,0.23510958032599874,7xk3;7xk4;7xk5;7xk6;7xk7;7zc6;8a1t;8a1u;8a1v;8a1w;8a1x;8a1y;8acw;8acy;8ad0;8ahx;8evu;8ew3;8rb8;8rb9;8rbm;8rbq;9eri;9erj;9erk;9erl,7xk3__F;7xk6__B;7zc6__B;7zc6__C;7zc6__D;7zc6__G;8a1u__A;8a1y__C;8ahx__A;8ahx__B;8ahx__H;8ew3__F;8rbm__B;8rbm__b;9eri__B;9eri__E
35,train,26,1,36433,1140,35293,0.03129031372656657,5oyb;5oyg;6p46;6p47;6p48;6p49;6qp6;6qpb;6qpc;7b5c;7b5d;7b5e;7zk3;8b8g;8b8j;8b8k;8b8m;8b8q;8bc0;8qzc;8sun;8sur;8tag;8tai;8tal;8xlr,5oyb__A
36,train,25,1,31078,6967,24111,0.22417787502413283,3x3b;3x3c;4xtn;4xto;5azd;6nwd;6rex;6rez;6rf0;6rf1;6rf3;6rf4;6xyt;6ybz;6yc0;6yc1;6yc2;6yc3;6yc4;6yt4;7ytb;8i2z;8qqz;8qr0;8rq5,7ytb__B
37,train,24,1,43972,14917,29055,0.33923860638588194,5w3s;5wj5;5wj9;5wpq;5wpt;5wpv;5ydz;5ye1;5ye2;5ye5;6aye;6ayf;6ayg;6e7p;6e7y;6e7z;7dys;7mgl;7sq6;7sq7;7sq8;7sq9;9cbz;9cc2,7dys__A
38,train,24,5,32041,9619,22422,0.30020910708155174,2qts;3ij4;3s3w;3s3x;4fz0;4fz1;4ntw;4ntx;4nty;4nyk;5wku;5wkv;5wkx;5wky;6ave;6cmc;6l6i;6l6n;6l6p;6vtk;6vtl;6x9h;7cfs;7cft,4fz0__O;4ntw__B;4ntw__C;6l6p__A;7cft__D
39,train,24,9,59653,28671,30982,0.4806296414262485,1yew;3chx;3rfr;3rgb;4phz;4pi0;4pi2;6cxh;7ev9;7s4h;7s4i;7s4j;7s4k;7s4l;7s4m;7t4o;7t4p;7yzy;8oyi;8sqw;8sr1;8sr2;8sr4;8sr5,1yew__A;3chx__C;3rfr__D;3rfr__H;4phz__B;6cxh__F;7ev9__C;7s4m__G;7t4o__C
40,train,23,11,24092,4719,19373,0.1958741490951353,5l75;5x5y;6mhu;6mhz;6mi7;6mi8;6mit;6mjp;6s8g;6s8h;6s8n;7efo;8frl;8frm;8frn;8fro;8frp;8k1m;8k1n;8k1o;8k1p;8ufg;8ufh,5x5y__F;6mit__C;6mjp__C;6s8h__F;6s8n__C;7efo__G;8frl__G;8frp__F;8frp__G;8k1n__C;8k1o__B
41,train,23,6,9282,1308,7974,0.14091790562378798,4huk;4hul;4hum;4hun;5c6p;5kbn;5kom;5v7p;6b24;6b2a;6b2d;6bqo;6bx4;6bx5;6d0j;6d0k;6d0n;6x58;7kk8;7kk9;7kka;7kkb;7kkr,4huk__A;5a40__A;5kbn__B;5vg9__A;6bx5__C;6d0j__B
42,train,22,1,40392,16870,23522,0.4176569617746088,2oau;2vv5;4age;4agf;4hwa;5aji;6pwn;6pwo;6pwp;6rld;6uzh;6vyk;6vyl;6vym;7dlu;7onj;7onl;7oo0;7oo6;7oo8;7ooa;8ddj,7dlu__A
43,train,22,1,22231,6881,15350,0.30952273851828527,1fx8;1lda;1ldf;1ldi;3c02;6f7h;6kxw;6n1g;6qzi;6qzj;8amw;8amx;8c9h;8y8n;8y8o;8y8p;8y8q;8y8r;8y8s;8y8v;8y8w;8y8x,3c02__A
44,train,21,3,23909,6063,17846,0.25358651553808187,7zd5;7zda;7zdb;7zdc;7zde;7zdf;7zdg;7zdk;7zdl;7zdr;7zds;7zdt;7zdu;7zdv;7zdw;7ze5;7zec;8ipq;8ipr;8ips;8ipt,7zec__C;8ipq__A;8ipq__B
45,train,21,3,27612,4276,23336,0.15486020570766335,6coy;6qv6;7bxu;7cq5;7cq6;7cq7;7jm6;7jm7;7xa9;7xja;8gqu;8hvt;8iab;8iad;8jpj;8jpo;8jpr;8ta2;8ta3;8wxi;8wxj,6qv6__B;7cq5__A;7xa9__B
46,train,20,1,39141,10498,28643,0.2682098055747171,5u6o;5u6p;6gyn;6gyo;6uqf;6uqg;7nmn;7np3;7np4;8inz;8io0;8io3;8ofi;8t4m;8t4y;8t50;8uc7;8uc8;9bc6;9bc7,8t4m__D
47,train,20,1,28769,2979,25790,0.10354895894886858,4a01;4av3;4av6;5gpj;5lzq;5lzr;6afs;6aft;6afu;6afv;6afw;6afx;6afy;6afz;6qxa;8b21;8b22;8b23;8b24;8b37,5lzq__A
48,train,20,2,6312,3237,3075,0.5128326996197718,2kdc;3ze3;3ze4;3ze5;4bpd;4brb;4brr;4cjz;4ck0;4d2e;4up6;4uxw;4uxx;4uxz;4uyo;5d56;5d57;5d6i;5dwk;7dvm,4up6__C;7dvm__A
49,train,20,20,38061,17356,20705,0.45600483434486744,1q90;1vf5;2d2c;2e74;2e75;2e76;2zt9;4h0l;4h13;4h44;4i7z;4ogq;4pv1;6rqf;7qrm;7r0w;7zxy;7zyv;9es7;9es9,1q90__H;1q90__J;1q90__O;1vf5__E;1vf5__G;1vf5__S;2e74__B;2e74__H;2zt9__E;2zt9__G;4i7z__L;6rqf__K;6rqf__M;7r0w__D;7r0w__I;7r0w__M;7r0w__N;7r0w__V;7zyv__F;7zyv__R
50,train,19,1,96734,9631,87103,0.09956168461967871,6d73;6drj;6drk;6mix;6miz;6mj2;6pkv;6pkw;6pkx;6puo;6pur;6pus;6puu;7vq1;8e6q;8e6r;8e6s;8e6t;8e6u,8e6q__A
51,train,19,4,27522,6680,20842,0.2427149189739118,5mrw;6hra;6hrb;7bgy;7bh1;7bh2;7lc3;7lc6;7nnl;7nnp;7zrd;7zre;7zrg;7zrh;7zri;7zrj;7zrk;7zrl;7zrm,5mrw__A;7bgy__C;7bgy__D;7zrk__B
52,train,19,1,25543,10812,14731,0.4232862232314137,4wd7;4wd8;5x87;6iv0;6iv1;6iv2;6iv3;6iv4;6ivj;6ivk;6ivl;6ivm;6ivn;6ivo;6ivp;6ivq;6ivr;6ivw;6jlf,6iv3__A
53,train,18,1,35482,5174,30308,0.14582041598557016,8otq;8otx;8pcz;8pd8;8pdu;8u6z;8u71;8u73;8u75;8u7d;8u7k;8u7o;8u7p;8u7r;8u7s;8xpq;8xq5;8xq7,8pd2__A
54,train,18,1,14004,3009,10995,0.21486718080548414,7voj;7vq3;7vq4;7vq5;7vq7;7w6k;8hiw;8hiy;8zte;8ztg;8zth;8zti;8ztk;8ztl;8ztm;8ztn;8zvf;9jtw,8zvf__B
55,train,18,1,28312,7127,21185,0.2517307148912122,5v4s;6cjq;6cjt;6cju;6vxz;6vy0;7rsh;7rtf;7rtj;7ru0;7ryr;7rys;7tj5;7tj6;7tkt;8vt9;8vta;8vtb,5v4s__A
56,train,18,1,16572,3592,12980,0.21675114651218924,3m71;3m72;3m73;3m74;3m75;3m76;3m77;3m78;3m7b;3m7c;3m7e;3m7l;4ycr;8en9;8vi2;8vi3;8vi4;8vi5,3m73__A
57,train,18,1,1860,1087,773,0.5844086021505376,1nyj;2kqt;2ly0;2muv;2muw;3c9j;3lbw;4qk7;4qkc;4qkl;4qkm;5c02;5joo;5ttc;5um1;6bkk;6boc;6mjh,2ly0__A
58,train,17,5,26593,5259,21334,0.19775880870905876,7o0y;7o0z;7o10;7o11;7o12;7o13;7o14;7o15;7o16;7o17;7osf;7osg;7osh;7osi;7osj;7qba;7znq,7o17__A;7osf__B;7osf__H;7qba__D;7qba__I
59,train,17,1,6583,2272,4311,0.3451313990581802,3zjz;4cbc;4f4l;4oxs;4p2z;4p30;4p9o;4p9p;4pa3;4pa4;4pa6;4pa7;4pa9;4x88;4x89;4x8a;5bzb,4x8a__B
60,train,17,1,9528,1891,7637,0.19846767422334172,3ug9;4yzi;5zih;6csn;6cso;6eid;6eig;7c86;7e6x;7e6y;7e6z;7e70;7e71;8zam;8zan;9go1;9go2,5zih__A
61,train,17,1,21190,1953,19237,0.09216611609249646,3org;5tqq;5tr1;6qvb;6qvc;6qvd;6qvu;7xf5;8jev;8jgj;8jgk;8jgl;8jgs;8jgv;8ta4;8ta5;9do0,8ta4__A
62,train,17,2,58568,9013,49555,0.15388949597049584,3k07;3k0i;3kso;3kss;3ne5;3t51;3t53;3t56;4dnr;4dnt;4dop;4k0e;4k0j;7kf5;7kf6;7kf7;7kf8,3ne5__B;4k0e__C
63,train,16,1,20048,2070,17978,0.10325219473264166,7y63;7y68;7y69;8j6m;8j6o;8jul;8jun;8k10;8k13;8kcw;8kcx;8v38;8woq;8wor;8wos;8wot,8jun__A
64,train,16,7,20487,7987,12500,0.38985698247669254,6ykm;6ykp;6ykr;6ysf;6ysl;8brd;8bri;8gqy;8ucs;8zyv;8zyw;8zyz;8zz0;9lu9;9lub;9luc,6ykm__G;6ysf__A;6ysl__B;8ucs__A;8ucs__H;9lu9__B;9lu9__G
65,train,16,1,28391,2451,25940,0.08633017505547533,6m1y;6m22;6m23;6y5r;6y5v;7ain;7aio;7aip;7aiq;7air;7d14;7d8z;7d90;7d99;7ngb;7tth,6m1y__A
66,train,16,3,29965,9180,20785,0.3063574169864842,5k47;5mke;5mkf;5t4d;5z1w;6a70;6d1w;6du8;6t9n;6t9o;6wb8;7d7e;7d7f;8hk7;8k3s;9dwq,6a70__B;6du8__A;7d7f__A
67,train,16,1,8357,3531,4826,0.42252004307765945,4lto;4ltp;4ltq;4ltr;5hj8;5hk6;5hk7;5hkd;5iwn;5iwo;7pg8;7pgb;7pgf;7pgg;7pgh;7pgi,5hk7__A
68,train,16,8,16059,4431,11628,0.27592004483467214,4huq;4hzu;4rfs;5d0y;5d3m;5jsz;5x3x;5x41;6fnp;6zg3;7nnt;7nnu;8bmp;8bmq;8bmr;8bms,4huq__S;4hzu__S;4rfs__S;4rfs__T;5x3x__b;5x3x__m;5x3x__q;6fnp__A
69,train,16,1,16386,2945,13441,0.17972659587452702,3k3f;3k3g;3m6e;3me1;4ezc;4ezd;6qd5;8blo;8blp;8xd9;8xda;8xdd;8xde;8xdf;8xdg;8xdh,3m6e__A
70,train,16,2,30469,11818,18651,0.3878696379927139,1lnq;3rbz;5bki;5bkj;5bkk;6oly;6u5r;6u68;6u6d;6u6e;6u6h;6ux7;6uxa;6uxb;8djb;8fz7,5bki__B;6u68__A
71,train,15,1,17730,4081,13649,0.23017484489565707,7rr9;7rra;7shm;7shn;7vr1;7vwc;7vx8;7vzb;7x07;7x0t;7x0z;7x1w;7xec;7yrq;8z0f,8z0f__B
72,train,15,1,14490,529,13961,0.03650793650793651,6kkr;6kkt;6kku;6nph;6npk;6pzt;7d10;7s1y;7s1z;7y6i;7zgo;8fhp;8fhq;8fhr;8fht,6nph__A
73,train,15,1,18303,2815,15488,0.15379992350980715,3tij;4pb1;4pb2;4pd5;4pd6;4pd7;4pd8;4pd9;4pda;5l24;5l26;5l27;5l2a;5l2b;5u9w,3tij__A
74,train,15,1,4972,2323,2649,0.4672164119066774,3ldc;3ldd;3lde;3ous;3r65;4h33;4h37;4hyo;4hz3;4qe7;4qe9;6u9p;6u9t;6u9y;6u9z,4qe9__A
75,train,14,1,14435,2014,12421,0.13952199515067545,8irl;8irm;8irn;8iro;8irp;8wmq;8wo7;9j12;9j13;9j14;9j15;9j16;9j17;9j18,9j12__B
76,train,14,1,10585,1880,8705,0.1776098252243741,8gi8;8gi9;8h86;8h87;8ifu;8iu0;8jxo;8jxp;8zao;8zap;8zaq;9cdc;9cdd;9cde,8ifu__A
77,train,14,3,23087,3000,20087,0.12994325811062502,6npl;7mxo;7n3n;7s1x;7sfl;7smp;7yg0;8fhn;8fho;8vpn;8vpp;9bwt;9c0e;9c0h,8fho__C;8vpn__B;8vpp__B
78,train,14,4,4712,782,3930,0.16595925297113753,3x29;5b2g;6ake;6akf;6akg;6ov2;6ov3;7kp4;7tdm;7tdn;8u4v;8u5b;9cmh;9cmi,3x29__A;5b2g__A;6ov2__B;9cmh__B
79,train,14,1,32704,7846,24858,0.23990949119373778,3j9p;6pqo;6pqp;6pqq;6v9v;6v9w;6v9x;6v9y;6wj5;6x2j;7jup;7or0;7or1;7yks,6v9x__A
80,train,14,1,3071,1030,2041,0.3353956366004559,3b62;6wk5;6wk8;7mh6;7sfq;7ssu;7sv9;7svx;7szt;7t00;8tgy;8uoz;8uwu;8vxu,6wk5__B
81,train,13,11,9906,2799,7107,0.2825560266505148,7wso;7wsp;7xt6;8e4c;8ema;8k7t;8y81;8y84;8yrj;8yvu;8ywa;8zgs;8zgt,7wso__A;7wso__B;7wso__C;8ema__B;8k7t__E;8yvu__B;8yvu__D;8yvu__E;8ywa__A;8ywa__X;8ywa__x
82,train,13,1,18668,2555,16113,0.13686522391257766,7stl;7stm;7stn;7sto;7xs6;7xs7;8k3p;8k3q;8k3t;8k3u;8k3v;8k3w;8k3x,8k3v__A
83,train,13,2,10094,2095,7999,0.20754903903308897,6w8n;6w8o;6w8p;6wc9;6wca;6wcb;6wcc;7lf6;7unl;7unm;8dhm;8fy5;8fyf,6w8o__B;8fy5__C
84,train,13,1,23587,6040,17547,0.25607326069445036,6v1x;6v1y;7cal;7fcv;7t4x;7wm1;7wm2;7wsw;7xuf;8wtz;8wui;9j0z;9j10,6v1x__A
85,train,13,5,19522,1421,18101,0.07278967318922241,6dmy;6e1h;6n7g;6n7h;6n7k;6oev;6rmg;6rvd;6td6;7e2h;7e2i;7rhq;7rpk,6n7g__C;6rmg__A;7e2h__D;7fif__A;7rhq__G
86,train,12,1,65460,9134,56326,0.1395355942560342,8sr7;8sr8;8sr9;8sra;8srb;8src;8srd;8sre;8srf;8srg;8srh;8sri,8src__A
87,train,12,8,18922,3602,15320,0.19036042701617165,8j5q;8j5r;8j5s;8j5t;8wd9;8wda;8wdb;8xfc;8z1v;8z1w;8z1x;8z1y,8j5q__A;8j5q__B;8wd9__A;8wd9__D;8z1w__A;8z1w__B;8z1x__C;8z1y__F
88,train,12,2,34431,8064,26367,0.23420754552583428,6v4a;6v4s;7q3g;7q3h;9ev1;9ev7;9ev8;9ev9;9evb;9ftg;9fth;9fti,9ev9__C;9fth__B
89,train,12,1,16192,765,15427,0.04724555335968379,6uo8;6uo9;6uoa;6vjm;6w2x;6w2y;6wiv;7c7q;7c7s;7ca3;7ca5;7cum,7ca5__B
90,train,12,1,19116,2770,16346,0.14490479179744717,6ksw;8tz1;8tz2;8tz3;8tz4;8tz5;8tz6;8tz7;8tz8;8tz9;8tza;8tzd,8tz1__A
91,train,12,1,8131,1545,6586,0.19001352847128275,5egi;5eik;6iyu;6iyx;6iyz;6iz0;6iz1;6iz3;6iz4;6iz5;6iz6;6izf,6iz3__A
92,train,12,1,16952,4912,12040,0.2897593204341671,4chv;4chw;6eo1;6i9d;6iax;6qcy;6qcz;6qd0;6qd1;6qd2;6qd3;6qd4,6eo1__A
93,train,11,1,8562,269,8293,0.031417893015650546,8x5b;8yex;8yf4;8yfd;8yfx;9ijy;9ijz;9j4x;9j51;9j52;9j53,9jf8__A
94,train,11,1,17245,5857,11388,0.3396346767178892,8ip3;8ip4;8ip5;8ip6;8q8p;8q8q;8ts1;8ts2;8ts3;8tul;8tup,8ts1__A
95,train,11,1,7408,2941,4467,0.39700323974082075,6nt5;6nt6;6nt7;6nt8;7sii;8flk;8flm;8gsz;8gt6;8ik0;8ik3,6nt6__B
96,train,11,2,42731,4413,38318,0.10327396971753527,5z10;6b3r;6kg7;8imz;8ixn;8ixo;8yez;8yfc;8yfg;8zu3;8zu8,6b3r__A;8imz__D
97,train,11,4,13102,4358,8744,0.3326209738971149,5sv0;5sv1;5zfp;5zfu;5zfv;6tyi;6ye4;7ajq;8odt;8vlw;9avi,5zfu__G;6tyi__Y;8odt__G;8vlw__A
98,train,11,8,15532,6341,9191,0.4082539273757404,5id3;6k7x;6k7y;6o58;6o5b;6wdn;6wdo;6x4s;6xjv;6xjx;6xqn,5id3__A;6k7x__C;6k7x__H;6k7y__J;6o5b__J;6wdo__Q;6xjx__Q;6xqn__E
99,train,10,1,8476,823,7653,0.09709768758848514,8k66;8k69;8w9n;8w9o;8w9t;8w9v;8y6j;8y6l;8y6m;8y6n,8y6n__B
100,train,10,1,10622,373,10249,0.035115797401619284,8jkv;8jl1;8jl3;8jl4;8tu9;8vkj;8vlu;8vlv;8vly;8w4a,8vlu__A
101,train,10,3,6093,206,5887,0.03380928934843263,7vsi;7wmv;7yni;7ynj;7ynk;8hb0;8hdh;8hez;8hg7;8hin,7wmv__B;7ynk__B;8hg7__A
102,train,10,1,6056,1308,4748,0.21598414795244386,6djz;6dk0;6dk1;7w2b;7w2c;7w2d;7w2e;7w2f;7w2g;7w2h,8wue__A
103,train,10,1,5636,1234,4402,0.21894960965223562,3j1z;5vrf;7kzx;7kzz;8f6e;8f6f;8f6h;8f6i;8f6j;8f6k,3h90__A
104,train,10,1,15097,1144,13953,0.07577664436643042,2wit;3p03;4ain;4c7r;4doj;4llh;8ybq;8zw8;8zxk;8zxp,8ybq__A
105,train,10,3,39424,10418,29006,0.264255275974026,1q16;1siw;1y4z;1y5i;1y5l;1y5n;3egw;3ir5;3ir6;3ir7,1q16__B;3egw__C;3ir6__D
106,train,9,2,1978,484,1494,0.24469160768452983,8yw6;8yw8;8yw9;9knw;9knx;9kny;9mnx;9mny;9mnz,8yw6__B;9mnx__A
107,train,9,1,10331,667,9664,0.06456296583099409,8u54;8u56;8u58;8u5c;8u5q;8wr3;9j3x;9j3z;9j40,8y56__R
108,train,9,3,21373,3408,17965,0.15945351611846723,8drp;8dtb;8seu;8sev;8sew;8sex;8sey;8sez;8sf0,8dtb__B;8dtb__D;8sex__A
109,train,9,5,11031,3611,7420,0.32735019490526696,7f02;7f03;7f04;7vfj;7vfp;8ce1;8ce5;8ce8;8cea,7f02__B;8ce1__a;8ce1__c;8ce5__D;8ce8__E
110,train,9,2,9187,2660,6527,0.28953956677914444,7e7z;7uk5;7ukc;7ukd;7uke;7ukf;7ukg;8sd3;8sda,7ukg__I;8sd3__A
111,train,9,1,14991,4793,10198,0.31972516843439397,6u9v;6u9w;8tr5;8tr6;8tr7;8tr8;8tra;8trk;8v4s,8tr8__A
112,train,9,1,1141,926,215,0.8115687992988606,6mct;6mpw;6mq2;6mqu;7udv;7udw;7udx;7udy;7udz,6mct__A
113,train,9,1,13964,4705,9259,0.3369378401604125,6fl9;6fli;6fvq;6fvr;6fvs;9ex6;9f5n;9f5o;9ftj,6fl9__A
114,train,9,3,16664,4814,11850,0.2888862217954873,4j7c;5but;7zpo;8k1s;8k1t;8k1u;8poo;8xmh;8xmi,5but__I;7zpo__H;8k1u__E
115,train,9,3,6837,1172,5665,0.17142021354395204,4j72;5ckr;5jnq;6oyh;6oyz;6oz6;8g01;8g02;8tlu,5jnq__B;8g01__B;8g01__D
116,train,9,1,11569,3547,8022,0.30659521134065176,3tdo;3tdp;3tdr;3tds;3tdx;3te0;3te1;3te2;4fc4,4fc4__B
117,train,8,3,9877,316,9561,0.03199352029968614,8jlf;8jlh;8js8;8yf0;8yf1;9f1r;9f2j;9f3c,9f1r__A;9f1r__B;9f3c__B
118,train,8,1,5082,1176,3906,0.23140495867768596,8j2g;8xm6;8xma;8xmf;8xmj;8zb0;8zsb;8zsz,8zsb__B
119,train,8,10,17564,3400,14164,0.19357777271692098,7lby;9b8v;9fmv;9fmz;9fnn;9fo7;9fp0;9fp2,9b8v__D;9b8v__G;9fmv__E;9fnn__Q;9fnn__R;9fnn__S;9fnn__V;9fp0__A;9fp2__E;9fp2__V
120,train,8,5,12044,2969,9075,0.2465127864496845,7dsv;7dsw;7dsx;7usw;7usx;7usy;7x2u;8tkp,7dsv__D;7dsx__B;7usw__A;7usy__J;8tkp__C
121,train,8,1,5020,1107,3913,0.2205179282868526,7cxr;7f3t;7f3u;7f6v;7f73;7n0k;7n0l;7n7p,7f3t__A
122,train,8,5,7596,1780,5816,0.23433385992627698,6rko;6rx4;7d5i;7nkz;7ose;7oy2;8b4o;9fka,6rko__A;6rko__H;6rko__X;7ose__C;8b4o__B
123,train,8,4,4785,375,4410,0.07836990595611286,6lyy;6lz0;7bp3;7cko;7ckr;7da5;7y1q;7yr5,6lz0__B;7y1q__B;7yr5__A;7yr5__B
124,train,8,12,19399,5603,13796,0.2888293210990257,6btm;6f0k;6lod;6loe;8k9e;8k9f;8x2j;9ilt,6btm__A;6btm__C;6btm__E;6f0k__A;6f0k__D;6f0k__E;6f0k__F;6f0k__H;6loe__B;8k9e__G;8k9e__I;9ilt__I
125,train,8,2,8796,1751,7045,0.19906775807185084,5u1d;8t46;8t4e;8t4f;8t4g;8t4h;8t4i;8t4j,5u1d__B;5u1d__X
126,train,8,1,2464,558,1906,0.22646103896103897,4uc1;4uc2;4uc3;5duo;8e7w;8e7x;8e7y;8e7z,4uc1__A
127,train,8,1,7196,3636,3560,0.5052807115063924,4hkr;4hks;6aki;6bbf;6bbg;6bbh;6bbi;7kr5,6bbi__A
128,train,8,3,5803,1492,4311,0.2571083922109254,3o0r;3wfb;3wfc;3wfd;3wfe;4xyd;5guw;5gux,3o0r__C;4xyd__A;5guw__N
129,train,8,1,5987,288,5699,0.04810422582261567,1zcd;3fi1;4atv;4au5;7a0w;7a0x;7a0y;8ps0,4atv__A
130,train,7,1,10604,1206,9398,0.11373066767257639,8jm9;8jma;8x82;8x83;8x84;8zdz;8ze3,8zdz__A
131,train,7,1,11112,1709,9403,0.15379769618430525,7wjm;7wjn;7wjo;7x05;7x06;8k52;8z0o,8z0o__A
132,train,7,1,5477,1340,4137,0.244659485119591,7ji3;7jna;7jnc;7sqg;8h8d;8h8e;8h8f,7ji3__A
133,train,7,1,14995,784,14211,0.052284094698232746,6wlb;7d5k;8g27;8g2j;8vht;8vhz;8vi0,7d5k__A
134,train,7,1,2366,492,1874,0.20794590025359255,6vja;6y90;6y92;6y97;6y9a;8vgn;8vgo,6y92__A
135,train,7,1,5502,522,4980,0.09487459105779716,6nf4;6nf6;6o84;8ug6;8ug7;8ug8;8uga,8ug8__B
136,train,7,1,5575,563,5012,0.1009865470852018,6l47;6l48;6p2j;6p2p;6vum;7n6q;7n6r,7n6q__A
137,train,7,8,12676,6333,6343,0.49960555380246136,6k1h;7dyr;7vlx;7vly;7xno;7xtg;8hfs,7dyr__A;7dyr__Z;7vly__A;7xno__B;7xtg__A;8hfs__A;8hfs__B;8hfs__C
138,train,7,1,3507,801,2706,0.22840034217279725,6is6;6su3;6su4;6uh3;7clj;7u55;9ljj,6is6__A
139,train,7,4,13373,1801,11572,0.13467434382711432,6hd8;6hd9;6hda;6hdb;6hdc;6swr;8g8w,6hd8__B;8g8w__B;8g8w__C;8hbv__A
140,train,7,1,4118,961,3157,0.23336571151044197,5h35;5h36;5wtr;5wuc;5wud;5wue;5wuf,5wuf__A
141,train,7,1,9159,566,8593,0.061797139425701496,4lep;4tpg;4tph;4tpj;6ji1;6jkc;6jkd,8b17__A
142,train,7,1,5970,823,5147,0.13785594639865997,3lrb;3lrc;3ncy;3ob6;5j4i;5j4n;7o82,3ncy__B
143,train,7,1,57650,4988,52662,0.08652211621856028,3jav;6mu2;6uqk;7lhe;7lhf;7t3u;8ear,8ear__A
144,train,7,2,6878,1914,4964,0.2782785693515557,3j9j;8t0y;8t10;8t3l;8t3m;8u3a;8u3c,3j9j__A;8u3c__D
145,train,7,1,3562,712,2850,0.19988770353733856,2irv;2nrf;3txt;3ubb;4h1d;4qo0;5mtf,3odj__A
146,train,6,1,6726,3209,3517,0.47710377639012785,8zxd;9jk6;9jk7;9jk8;9jk9;9jka,9jk7__A
147,train,6,1,6426,1613,4813,0.25101151571739805,8ymr;8yms;8ymt;8ymu;8ymw;8ymx,8ymr__A
148,train,6,1,7202,300,6902,0.04165509580672035,8x5f;8yet;8yfu;8yfw;9ik4;9iws,9ik4__B
149,train,6,2,5771,546,5225,0.09461098596430428,8teg;8teh;8tei;8tel;8tem;8ten,8teg__B;8teh__A
150,train,6,9,4434,1132,3302,0.2552999548940009,8bh1;8hhf;8hhg;8hhh;8p1u;8tj3,8bh1__C;8bh1__D;8hhf__L;8hhf__Q;8p1u__B;8p1u__D;8p1u__E;8tj3__B;8tj3__C
151,train,6,1,5964,588,5376,0.09859154929577464,7ytw;7yty;8jew;8jez;8jf0;8jf1,8jf0__B
152,train,6,1,4878,1271,3607,0.2605576055760558,7sfj;7sfk;7shs;7w9w;8yek;8yel,8yej__A
153,train,6,1,4656,469,4187,0.10073024054982818,7p54;7p5c;7p5j;7p5m;7rtt;7rtw,7rtw__A
154,train,6,15,28853,8858,19995,0.30700447093889716,7o3v;7o41;7oiu;8rt9;8rtb;8rtd,7o41__C;7oiu__D;8rt9__A;8rt9__F;8rtb__J;8rtd__D;8rtd__G;8rtd__T;8rtd__U;8rtd__Z;8rtd__a;8rtd__c;8rtd__e;8rtd__h;8rtd__i
155,train,6,1,26519,4345,22174,0.16384479052754627,7nhr;7nhs;7ni2;7nib;7nih;7nii,7nhr__C
156,train,6,1,17143,4405,12738,0.2569561920317331,7n5d;7n5e;8tdj;8tdk;8tdl;8tdm,8tdl__A
157,train,6,1,6174,844,5330,0.13670229996760608,7en0;7wnq;8gw6;8gw7;8j0j;8j1e,7en0__A
158,train,6,1,8721,1353,7368,0.15514275885792914,6wqz;6wr4;7jlo;7jlp;7jlq;8poe,8poe__A
159,train,6,1,16765,5659,11106,0.337548464062034,6sh3;6sh4;8t14;8t7u;8tp1;8tpl,6sh3__A
160,train,6,13,16170,8848,7322,0.5471861471861472,6f2d;6r69;6r6b;6s3l;8wk3;8wlh,6r6b__F;6r6b__I;6s3l__F;6s3l__G;6s3l__K;8wk3__G;8wk3__M;8wk3__Q;8wk3__a;8wk3__h;8wk3__o;8wlh__K;8wlh__b
161,train,6,4,9307,1176,8131,0.12635650585580746,6c70;8v00;8v02;8v3c;8z9a;8z9z,8v00__A;8v02__D;8v3c__D;8z9z__D
162,train,6,1,4044,557,3487,0.1377349159248269,4o6m;4o6n;4q7c;5d92;6wm5;6wmv,6wm5__A
163,train,6,2,8315,639,7676,0.07684906794948887,4hg6;4p00;4p02;5eiy;5ej1;5ejz,4hg6__A;5eiy__B
164,train,6,1,928,564,364,0.6077586206896551,2kih;2kwx;2l0j;2n70;2rlf;6oug,2l0j__A
165,train,5,1,6248,1867,4381,0.2988156209987196,8vxh;9asc;9b77;9bhc;9bhe,9asc__A
166,train,5,1,8978,162,8816,0.01804410781911339,8uy7;8uy8;8uya;8uyb;8uyc,9ejn__A
167,train,5,1,7688,955,6733,0.12421956295525494,8uvt;8uvu;8vc1;8vc2;8vv3,8vc1__A
168,train,5,1,8020,924,7096,0.11521197007481297,8jme;8jmh;8jmi;8ze0;8ze2,8jme__A
169,train,5,1,13222,3215,10007,0.24315534714869158,8jec;8jet;8jeu;8wfz;9j0x,8jec__B
170,train,5,2,4305,557,3748,0.12938443670150987,8izd;8izf;8qtn;8qtr;8y2n,8izd__A;8qtn__C
171,train,5,6,4418,724,3694,0.1638750565866908,8esv;8snl;8snm;8snn;8sno,8esv__A;8esv__B;8snl__A;8snl__B;8snm__A;8sno__A
172,train,5,1,2474,1050,1424,0.4244139046079224,8cqr;8sza;8szb;8uip;9bia,8cqr__E
173,train,5,1,8150,2908,5242,0.35680981595092026,8bx5;8bxb;8bxd;8bxe;8bxf,8bx5__A
174,train,5,1,1922,636,1286,0.3309053069719043,7vgr;7vgs;8ctk;9ctu;9ctw,7vgr__A
175,train,5,1,1649,215,1434,0.13038204972710735,7m93;7m94;7m95;7m96;7mfi,7m95__B
176,train,5,4,4609,706,3903,0.153178563679757,7drt;7kc4;8tzo;8tzp;8tzr,7drt__B;7kc4__D;8tzp__C;8tzr__C
177,train,5,1,4127,873,3254,0.21153380179307002,7cn0;7cn1;8zyn;8zyo;8zyq,8zyq__A
178,train,5,1,4422,310,4112,0.07010402532790593,7b4l;7b4m;7p1i;7p1j;7p1k,7p1i__B
179,train,5,1,2940,587,2353,0.19965986394557822,6xpd;6xpe;6xpf;7y5g;7y5h,7y5g__B
180,train,5,2,1972,669,1303,0.3392494929006085,6xdc;8eqj;8eqs;8eqt;8equ,6xdc__A;8eqs__D
181,train,5,4,11422,1215,10207,0.10637366485729294,6wxr;6wxu;6wxv;7d3e;7d3f,6wxr__A;6wxu__B;6wxu__C;7d3f__C
182,train,5,1,7095,2471,4624,0.3482734319943622,6vqq;6vqr;7e26;7e27;7mxy,6vqr__E
183,train,5,1,4066,697,3369,0.17142154451549435,6vp0;6vyi;6vz1;8esm;8etm,6vz1__A
184,train,5,6,5176,813,4363,0.15707109737248842,6so5;8cr1;8cr2;8odu;8odv,6so5__D;6so5__F;8cr1__C;8cr2__C;8odu__C;8odv__A
185,train,5,4,12241,3281,8960,0.26803365738093293,6lar;6sgw;6sgx;6sgz;6umm,6lar__G;6sgx__A;6umm__E;6umm__G
186,train,5,1,4520,1114,3406,0.24646017699115044,6c5w;6d7w;6d80;6dnf;6dt0,6dnf__A
187,train,5,2,6324,456,5868,0.07210626185958255,6bug;6buh;8jem;8jes;8jf2,6bug__A;8jem__B
188,train,5,1,467,369,98,0.7901498929336188,6bkl;6bmz;6nv1;6us8;6us9,6mpl__A
189,train,5,5,4558,331,4227,0.07261956998683633,5v6p;6vjy;6vjz;6vk0;6vk1,6vjy__A;6vjy__B;6vjz__C;6vjz__D;6vk0__D
190,train,5,1,6197,361,5836,0.05825399386800065,5oc9;6r65;6r7x;6r7y;6r7z,5oc9__A
191,train,5,1,3753,442,3311,0.11777244870770051,5o5e;6bw5;6bw6;6fm9;6fwz,5o5e__A
192,train,5,1,4078,578,3500,0.14173614516920058,5iws;6bvg;8qsr;8qst;9hnp,8qsr__A
193,train,5,1,2255,752,1503,0.33348115299334813,5iji;5jef;5jeq;5jgp;6yue,5iji__A
194,train,5,1,13592,3243,10349,0.23859623307828134,5h1q;5h1r;6kff;6kfg;6kfh,6kfh__A
195,train,5,1,7896,2045,5851,0.2589918946301925,5c73;5c76;5c78;5nbd;6hrc,5c73__C
196,train,5,1,1780,709,1071,0.39831460674157304,4u9l;4u9n;4wib;6lbh;8h5e,4u9l__B
197,train,5,1,5707,1530,4177,0.2680918170667601,4pl0;5eg1;5ofp;5ofr;8px9,4pl0__B
198,train,5,4,4632,2017,2615,0.43544905008635576,4o93;4o9p;4o9t;4o9u;5uni,4o93__A;4o93__B;4o9u__D;4o9u__F
199,train,5,1,2165,354,1811,0.16351039260969977,4o6y;4o79;4o7g;5zle;5zlg,4o7g__B
200,train,5,1,4193,455,3738,0.10851419031719532,4cz8;4cz9;4cza;4czb;4d0a,4czb__B
201,train,5,1,6318,1923,4395,0.3043684710351377,3kcu;3kcv;3kly;3klz;3q7k,3kly__C
202,train,5,1,4236,3843,393,0.9072237960339944,2x2v;3zo6;4cbj;4cbk;7wem,2x2v__A
203,train,5,1,636,300,336,0.4716981132075472,2kix;2ljb;2ljc;6pvr;6pvt,2kix__A
204,train,5,2,8143,4227,3916,0.5190961562077858,2bl2;2cyd;2db4;3aou;8wci,2bl2__A;8wci__P
205,train,4,1,4688,963,3725,0.20541808873720135,9chp;9chq;9chr;9chs,9chp__A
206,train,4,1,2934,476,2458,0.16223585548738922,9b4f;9kqf;9kqi;9kqj,9b4f__B
207,train,4,2,4403,136,4267,0.03088803088803089,8u7y;8u85;8u86;8u87,8u7y__B;8u86__A
208,train,4,1,1592,256,1336,0.16080402010050251,8t03;8t04;8t06;8t07,8t03__A
209,train,4,1,6288,1764,4524,0.28053435114503816,8on7;8on8;8on9;8ona,8on7__A
210,train,4,2,3084,179,2905,0.058041504539559016,8jzu;8qsk;8qsl;8wx5,8qsk__A;8wx5__B
211,train,4,1,2112,183,1929,0.08664772727272728,8ijq;8ijr;8w9w;8w9y,8ijq__C
212,train,4,1,5202,690,4512,0.13264129181084197,8hip;8hke;8xbs;8xc1,8hke__A
213,train,4,1,4360,920,3440,0.21100917431192662,8exp;8exq;8exs;8ext,8exs__A
214,train,4,1,10269,2649,7620,0.2579608530528776,8bhw;8c0e;8p3o;8p3p,8bhw__A
215,train,4,1,7494,1439,6055,0.19202028289298106,7y3e;8hya;8iwo;8jd9,8jd9__A
216,train,4,2,4560,1620,2940,0.35526315789473684,7x5v;8j7f;8j7h;8j7m,7x5v__A;8j7f__E
217,train,4,1,5416,634,4782,0.11706056129985229,7x1g;7x1h;7x1i;7x1j,7x1g__A
218,train,4,2,16928,3235,13693,0.19110349716446126,7czb;7y4w;7y53;7y59,7y4w__F;7y4w__W
219,train,4,2,4908,1255,3653,0.25570497147514265,7cye;7cyf;7egk;7egl,7egl__A;7egl__B
220,train,4,1,4012,1272,2740,0.317048853439681,7cr0;7cr1;7cr2;8izy,7cr0__A
221,train,4,1,1612,354,1258,0.2196029776674938,7b1k;7b1l;7b1n;7pow,7pow__B
222,train,4,1,3912,522,3390,0.1334355828220859,6wtw;6wu1;6wu2;6wu4,6wtw__A
223,train,4,1,4999,802,4197,0.16043208641728346,6nq0;6nq1;6nq2;8ouo,6nq0__A
224,train,4,1,7749,3198,4551,0.4126984126984127,6lyp;6vxm;6vxn;6vxp,6lyp__A
225,train,4,1,3444,205,3239,0.05952380952380952,6fv7;6fv8;6z70;6z71,6fv6__A
226,train,4,1,3922,137,3785,0.03493115757266701,5nl2;6bgi;6bgj;8bc1,8bc1__B
227,train,4,1,664,315,349,0.4743975903614458,4qnc;4rng;5uhq;5uhs,4rng__A
228,train,4,2,7382,1302,6080,0.17637496613383907,4gx0;4gx1;4gx2;4gx5,4gx1__A;4gx2__B
229,train,4,1,5976,400,5576,0.06693440428380187,2wsw;2wsx;3hfx;4m8j,2wsw__A
230,train,4,1,14535,5306,9229,0.3650498796009632,2wcd;6mrt;6mru;6mrw,2wcd__M
231,train,4,3,9440,1676,7764,0.17754237288135594,2vpw;2vpx;2vpy;2vpz,2vpw__A;2vpw__B;2vpw__C
232,train,4,2,1299,139,1160,0.10700538876058506,2hi7;2leg;2zup;3e9j,2hi7__A;2zuq__A
233,train,4,1,1040,515,525,0.4951923076923077,1zll;2hyn;2kyv;2m3b,1n7l__A
234,train,4,1,16246,1133,15113,0.06974024375230826,1mhs;7ny1;7vh5;7vh6,5ksd__A
235,train,3,1,6192,1528,4664,0.2467700258397933,9j34;9j35;9j36,9j34__D
236,train,3,1,4860,2056,2804,0.42304526748971194,8yx6;8yx7;8yx8,8yx6__A
237,train,3,1,4310,1258,3052,0.29187935034802787,8r96;8r97;8r98,8r96__B
238,train,3,1,2901,358,2543,0.12340572216477076,8r33;8r34;8r35,8r33__A
239,train,3,1,1982,90,1892,0.045408678102926335,8qz6;8qz7;9eot,8qz7__A
240,train,3,3,4290,544,3746,0.12680652680652682,8kes;8ket;8kev,8kes__A;8kes__C;8ket__F
241,train,3,1,5172,1113,4059,0.21519721577726217,8io4;8io5;8iob,8io4__A
242,train,3,2,1045,285,760,0.2727272727272727,8hrx;8hry;8rqf,7vad__A;8hrx__B
243,train,3,1,3280,588,2692,0.17926829268292682,8bxg;8by2;9emb,8by2__A
244,train,3,1,1735,165,1570,0.09510086455331412,7z6n;8czj;8ght,7z6n__A
245,train,3,1,6783,1650,5133,0.24325519681556834,7xlb;8f7c;8gyq,7xlb__E
246,train,3,4,19068,9695,9373,0.5084434654919237,7vhp;7vhq;7wi3,7vhp__A;7vhp__G;7wi3__B;7wi3__E
247,train,3,1,2676,204,2472,0.07623318385650224,7mde;7mdf;7ul6,7mdf__A
248,train,3,1,4556,631,3925,0.13849868305531168,7lic;7lid;7lig,7lic__A
249,train,3,1,362,228,134,0.6298342541436464,7k3g;8suz;8u1t,7k3g__A
250,train,3,1,5090,2550,2540,0.5009823182711198,7ek1;7ek2;7ek3,7ek2__A
251,train,3,2,2852,331,2521,0.11605890603085554,6sp2;7ru6;7rug,7rug__A;7rug__L
252,train,3,2,6007,589,5418,0.09805227234892626,6qti;6que;6s59,6qti__A;6que__B
253,train,3,5,9272,2986,6286,0.32204486626402073,6m32;7uea;7z6q,6m32__B;6m32__D;7uea__U;7z6q__A;7z6q__C
254,train,3,1,4886,88,4798,0.018010642652476462,6lvf;7duw;7f47,7f47__B
255,train,3,1,4444,309,4135,0.06953195319531953,6l3h;6qq5;6qq6,6l1x__A
256,train,3,1,3452,712,2740,0.20625724217844726,6hcy;6hd1;7tai,7tai__B
257,train,3,1,1192,321,871,0.26929530201342283,6h53;6h59;6h5a,6h5a__B
258,train,3,1,1617,186,1431,0.1150278293135436,6csm;6edq;7l1e,6csm__A
259,train,3,1,3282,1441,1841,0.43906154783668494,5ys3;5ys8;5zug,5ys3__A
260,train,3,1,4956,2669,2287,0.5385391444713479,5y4o;6zyd;7n4t,6zyd__E
261,train,3,1,6708,1910,4798,0.2847346451997615,5va1;5va2;5va3,5va1__A
262,train,3,1,2388,93,2295,0.038944723618090454,5m94;5m95;7phq,5m94__A
263,train,3,1,39588,1769,37819,0.044685258159038094,5j8v;8x48;8x4c,8x4c__A
264,train,3,1,1224,698,526,0.5702614379084967,5cbf;5cbg;5cbh,5cbf__A
265,train,3,1,1701,294,1407,0.1728395061728395,4xu4;4xu5;4xu6,4xu4__A
266,train,3,1,2572,184,2388,0.07153965785381027,4rp8;4rp9;5zov,5zov__B
267,train,3,1,146,91,55,0.6232876712328768,4p6j;4p6k;4p6l,4p6l__A
268,train,3,1,2929,166,2763,0.05667463298053943,4oh3;5a2n;5a2o,5a2n__A
269,train,3,1,1813,62,1751,0.03419746276889134,4n7w;7cyg;7cyk,8oyf__A
270,train,3,1,2724,870,1854,0.31938325991189426,3ux4;6nsj;6nsk,6nsj__A
271,train,3,2,4538,501,4037,0.11040105773468488,3pjz;4j9u;6v4j,4j9u__E;6v4l__A
272,train,3,1,2593,699,1894,0.26957192441187816,2yvx;2zy9;5x9h,2yvx__A
273,train,3,1,259,100,159,0.3861003861003861,2m59;2met;2meu,2m59__A
274,train,3,2,225,107,118,0.47555555555555556,2l34;2l35;4wol,2l34__A;2l35__A
275,train,3,2,257,109,148,0.42412451361867703,2k9j;2n9y;7kn0,2k1a__A;8rpq__A
276,train,3,2,264,77,187,0.2916666666666667,2jwa;2ks1;5lv6,2jwa__A;2ks1__B
277,train,3,1,1101,348,753,0.31607629427792916,2h8a;5i9k;5ia9,5i9k__A
278,train,3,1,1752,675,1077,0.3852739726027397,1f6g;3eff;3pjs,1f6g__A
279,train,2,1,4510,2018,2492,0.447450110864745,9fs5;9fsm,9fsm__A
280,train,2,2,1444,1029,415,0.7126038781163435,9cjk;9cjl,9cjk__G;9cjl__A
281,train,2,3,1405,206,1199,0.14661921708185052,9bur;9bvq,9bur__A;9bur__B;9bvq__P
282,train,2,1,1026,58,968,0.056530214424951264,8yzk;9ima,8yzk__A
283,train,2,1,2174,208,1966,0.09567617295308188,8xw5;8y1x,8y1x__A
284,train,2,13,11256,4153,7103,0.3689587775408671,8xku;8xkv,8xku__I;8xkv__A;8xkv__B;8xkv__C;8xkv__D;8xkv__F;8xkv__G;8xkv__H;8xkv__K;8xkv__L;8xkv__N;8xkv__O;8xkv__R
285,train,2,1,3480,1353,2127,0.3887931034482759,8wge;8zts,8wge__A
286,train,2,1,4036,93,3943,0.023042616451932608,8vt4;8vux,8izq__A
287,train,2,2,2424,710,1714,0.2929042904290429,8vjl;8vjm,8vjl__A;8vjl__B
288,train,2,1,1548,105,1443,0.06782945736434108,8ul9;8urt,8ul9__A
289,train,2,2,774,61,713,0.07881136950904392,8tte;8ttg,8ttf__A;8ttg__C
290,train,2,1,8580,1174,7406,0.13682983682983682,8srj;8srk,8srj__A
291,train,2,1,930,354,576,0.38064516129032255,8pnu;8pnv,8pnu__A
292,train,2,2,1927,23,1904,0.011935651271406332,8k9r;8k9t,8k9t__A;8k9t__B
293,train,2,1,1324,80,1244,0.06042296072507553,8k12;8k1d,8k1d__B
294,train,2,1,1725,226,1499,0.1310144927536232,8j8j;8j8k,8j8j__D
295,train,2,1,1630,125,1505,0.07668711656441718,8j4c;8k1r,8j4c__B
296,train,2,1,1696,201,1495,0.11851415094339622,8j2m;8jda,8j2m__A
297,train,2,3,917,200,717,0.21810250817884405,8hf3;8hfc,8hf3__B;8hfc__A;8hfc__B
298,train,2,1,1520,42,1478,0.02763157894736842,8gyw;8gyx,8erp__B
299,train,2,2,3300,322,2978,0.09757575757575758,8gcd;8t2v,8gcd__A;8gcd__B
300,train,2,3,1064,264,800,0.24812030075187969,8e1m;8scx,8scx__A;8scx__B;8scx__C
301,train,2,3,130,44,86,0.3384615384615385,8ddc;8ddd,8ddc__B;8ddd__A;8ddd__B
302,train,2,1,2248,348,1900,0.15480427046263345,8b70;8b71,8b70__A
303,train,2,7,4716,1382,3334,0.29304495335029684,7z0s;7z0t,7z0t__A;7z0t__B;7z0t__C;7z0t__D;7z0t__E;7z0t__F;7z0t__G
304,train,2,1,1512,342,1170,0.2261904761904762,7yzi;7yzk,7yzi__A
305,train,2,1,2814,837,1977,0.2974413646055437,7yvb;7yvc,7yvb__A
306,train,2,2,3168,991,2177,0.3128156565656566,7ytj;8i6v,7ytj__B;7ytj__D
307,train,2,1,2404,80,2324,0.033277870216306155,7wst;7wsu,7wst__A
308,train,2,5,4791,1150,3641,0.24003339595074097,7w72;7wld,7w72__K;7w72__T;7wld__G;7wld__S;7wld__U
309,train,2,8,4668,1517,3151,0.3249785775492716,7vzg;7vzr,7vzg__B;7vzg__D;7vzg__E;7vzg__F;7vzg__G;7vzg__a;7vzr__C;7vzr__c
310,train,2,20,6821,4149,2672,0.608268582319308,7vcf;8z9y,7vcf__A;7vcf__B;7vcf__C;7vcf__D;7vcf__F;7vcf__G;7vcf__H;7vcf__I;7vcf__K;7vcf__M;7vcf__N;7vcf__O;7vcf__Q;7vcf__T;8z9y__A;8z9y__B;8z9y__C;8z9y__D;8z9y__E;8z9y__F
311,train,2,1,10052,2025,8027,0.2014524472741743,7uw5;7ux1,7ux1__A
312,train,2,3,1480,681,799,0.46013513513513515,7sau;7sax,7sau__C;7sax__B;7sax__E
313,train,2,1,2640,884,1756,0.33484848484848484,7rpm;8f4v,7rpm__A
314,train,2,4,1174,325,849,0.2768313458262351,7p2p;7p2q,7p2q__A;7p2q__B;7p2q__C;7p2q__D
315,train,2,1,3812,41,3771,0.010755508919202518,7n4u;7n4v,8qee__A
316,train,2,1,1248,310,938,0.2483974358974359,7m1t;7m1u,7m1u__A
317,train,2,1,1796,20,1776,0.011135857461024499,7f3x;7f40,7ewt__A
318,train,2,1,745,132,613,0.17718120805369128,7drj;7drk,7drj__B
319,train,2,1,1114,113,1001,0.10143626570915619,7cj3;7d7q,7cj3__A
320,train,2,1,624,170,454,0.2724358974358974,7cff;7cfg,7cff__A
321,train,2,4,10901,3435,7466,0.3151087056233373,7b9f;7b9s,7b9f__B;7b9f__D;7b9f__E;7b9s__C
322,train,2,1,866,56,810,0.06466512702078522,7b0o;7b0p,7b0p__A
323,train,2,1,3220,1380,1840,0.42857142857142855,7a46;9go3,9go3__A
324,train,2,1,1540,148,1392,0.09610389610389611,6z3y;6z3z,6z3y__B
325,train,2,2,1459,553,906,0.37902673063742287,6ys8;7saz,6ys8__G;7saz__B
326,train,2,1,1202,267,935,0.2221297836938436,6y9b;8ucd,6y9b__C
327,train,2,3,2022,494,1528,0.2443125618199802,6xjh;6xji,6xjh__A;6xjh__D;6xji__D
328,train,2,1,2536,567,1969,0.22358044164037855,6tqe;6tqf,6tqe__A
329,train,2,1,1495,304,1191,0.20334448160535118,6sqg;7akw,6sqg__A
330,train,2,1,2095,236,1859,0.1126491646778043,6se3;6sem,6sem__A
331,train,2,1,5774,1627,4147,0.2817803948735712,6pw4;6pw5,6pw5__B
332,train,2,2,1826,161,1665,0.08817086527929902,6pl5;6pl6,6bar__A;6pl6__B
333,train,2,1,2842,99,2743,0.034834623504574246,6p25;6p2r,6p2r__B
334,train,2,1,824,157,667,0.19053398058252427,6oht;6ohu,6oht__A
335,train,2,1,216,48,168,0.2222222222222222,6nhw;6nhy,6nhw__A
336,train,2,1,1236,228,1008,0.18446601941747573,6m97;6m98,6m97__A
337,train,2,3,1100,105,995,0.09545454545454546,6m49;7etw,6m49__A;6m49__B;7etw__B
338,train,2,1,1830,52,1778,0.02841530054644809,6m20;6rw3,6rw3__A
339,train,2,1,5173,2250,2923,0.4349507055867002,6lmv;6lom,6lom__A
340,train,2,1,1697,65,1632,0.03830288744843842,6lkd;6lke,6lke__A
341,train,2,1,6024,980,5044,0.16268260292164674,6ksp;6kss,6ksp__A
342,train,2,2,2310,627,1683,0.2714285714285714,6iva;6iww,6iva__A;6iva__B
343,train,2,1,898,238,660,0.2650334075723831,6iu3;6iu4,6iu4__A
344,train,2,5,12600,8618,3982,0.683968253968254,6gyb;7o3j,6gyb__a;6gyb__b;7o3j__A;7o3j__B;7o3j__C
345,train,2,1,6645,2359,4286,0.3550037622272385,6grj;6h2f,6h2f__B
346,train,2,2,15969,5004,10965,0.3133571294382867,6el1;6gy6,6el1__E;6el1__O
347,train,2,3,13643,5672,7971,0.4157443377556256,6e10;6e11,6e10__1;6e10__a;6e11__E
348,train,2,1,2892,355,2537,0.12275242047026279,6c96;6c9a,6c96__A
349,train,2,1,4904,919,3985,0.18739804241435562,6bwi;8rcr,8rcr__A
350,train,2,1,5184,986,4198,0.19020061728395063,6bwd;6bwf,6bwf__A
351,train,2,1,1220,80,1140,0.06557377049180328,5y78;5y79,5y78__A
352,train,2,1,7120,1257,5863,0.17654494382022473,5u70;5u76,5u70__A
353,train,2,2,970,92,878,0.09484536082474226,5oqt;6f34,5oqt__A;6f34__C
354,train,2,1,1179,47,1132,0.03986429177268872,5ogk;6qsk,5oge__A
355,train,2,1,3270,849,2421,0.25963302752293577,5n9y;7nh9,7nh9__A
356,train,2,1,3401,216,3185,0.0635107321376066,5khn;5khs,5khn__A
357,train,2,1,2380,641,1739,0.26932773109243696,5eke;5ekp,5ekp__D
358,train,2,3,1584,331,1253,0.20896464646464646,5doq;5ir6,5ir6__A;5ir6__B;5ir6__C
359,train,2,1,1289,222,1067,0.17222653219550038,5ctg;5cth,5ctg__B
360,train,2,1,1536,178,1358,0.11588541666666667,5bz2;5bz3,4bwz__A
361,train,2,1,2388,1106,1282,0.4631490787269682,4y7j;4y7k,4y7k__A
362,train,2,1,369,138,231,0.37398373983739835,4x5m;4x5n,4x5m__B
363,train,2,1,10432,44,10388,0.004217791411042945,4uwa;4uwe,4uwa__A
364,train,2,1,604,86,518,0.1423841059602649,4ryi;4ryj,4rym__A
365,train,2,1,1581,48,1533,0.030360531309297913,4rwa;4rwd,4zud__A
366,train,2,1,676,170,506,0.2514792899408284,4ri2;4ri3,4ri3__A
367,train,2,1,1957,167,1790,0.08533469596320899,4r0c;4r1i,4r0c__B
368,train,2,1,354,136,218,0.384180790960452,4qnd;9kon,4qnd__A
369,train,2,1,1059,194,865,0.18319169027384324,4q2e;4q2g,4q2g__B
370,train,2,1,1935,321,1614,0.16589147286821707,4kjr;4kjs,4kjs__A
371,train,2,1,1968,297,1671,0.15091463414634146,4hyc;4hyd,4hyc__A
372,train,2,3,7724,2698,5026,0.3493008803728638,4gd3;6g94,4gd3__L;4gd3__S;6g94__B
373,train,2,1,3148,858,2290,0.2725540025412961,4cy4;4ev6,4cy4__E
374,train,2,1,3720,1831,1889,0.4922043010752688,3t9n;3udc,3udc__A
375,train,2,1,2736,98,2638,0.035818713450292396,3j08;3j09,7si3__A
376,train,2,1,851,521,330,0.6122209165687427,3hzq;6ctd,3hzq__A
377,train,2,4,654,459,195,0.7018348623853211,3hd7;3ipd,3ipd__A;3ipd__B;3ipd__C;3ipd__D
378,train,2,1,1808,646,1162,0.3573008849557522,2zd9;3beh,2zd9__C
379,train,2,1,2034,152,1882,0.07472959685349066,2xq2;3dh4,3dh4__B
380,train,2,1,236,67,169,0.2838983050847458,2m20;2n2a,2n2a__B
381,train,2,1,176,52,124,0.29545454545454547,2l2t;2lcx,2l2t__A
382,train,2,1,118,46,72,0.3898305084745763,2kpe;5eh4,5eh4__A
383,train,2,1,140,54,86,0.38571428571428573,2ka1;2ka2,2ka1__A
384,train,2,1,152,47,105,0.3092105263157895,2k1k;2k1l,2k1k__A
385,train,2,2,1926,317,1609,0.16458982346832815,2j7a;2vr0,2j7a__B;2vr0__C
386,train,2,1,1776,476,1300,0.268018018018018,1orq;6uwm,1orq__C
387,train,2,3,8916,1920,6996,0.21534320323014805,1kqf;1kqg,1kqf__A;1kqf__B;1kqf__C
388,train,2,1,272,120,152,0.4411764705882353,1jq1;1jq2,1jq1__A
389,train,1,1,154,82,72,0.5324675324675324,9nm2,9nm2__B
390,train,1,1,746,65,681,0.0871313672922252,9lyd,9lyd__R
391,train,1,1,1300,387,913,0.2976923076923077,9j0y,9j0y__A
392,train,1,3,896,116,780,0.12946428571428573,9c7u,9c7u__A;9c7u__B;9c7u__C
393,train,1,1,772,34,738,0.04404145077720207,8zko,9hhq__A
394,train,1,1,1941,266,1675,0.13704276146316333,8ybr,8ybr__A
395,train,1,3,808,263,545,0.3254950495049505,8wfs,8wfs__B;8wfs__E;8wfs__a
396,train,1,1,757,118,639,0.15587846763540292,8wcn,8wcn__B
397,train,1,2,1610,572,1038,0.3552795031055901,8vvn,8vvn__B;8vvn__C
398,train,1,2,968,401,567,0.4142561983471074,8vvi,8vvi__B;8vvi__F
399,train,1,3,1476,810,666,0.5487804878048781,8vsp,8vsp__A;8vsp__B;8vsp__C
400,train,1,1,58,28,30,0.4827586206896552,8v94,8v94__B
401,train,1,1,764,90,674,0.11780104712041885,8ug5,8ug5__B
402,train,1,1,972,113,859,0.11625514403292181,8ug4,8ug4__B
403,train,1,1,1074,82,992,0.07635009310986965,8u53,8u53__B
404,train,1,1,1008,68,940,0.06746031746031746,8t57,8t57__B
405,train,1,1,796,38,758,0.04773869346733668,8t53,8t53__B
406,train,1,1,402,51,351,0.12686567164179105,8t05,8t05__B
407,train,1,1,47,34,13,0.723404255319149,8srn,8srn__A
408,train,1,1,3127,485,2642,0.15510073552926126,8rrh,8rrh__A
409,train,1,2,732,49,683,0.06693989071038252,8r8q,8r8q__A;8r8q__B
410,train,1,1,901,341,560,0.37846836847946724,8qqm,8qqm__E
411,train,1,2,1184,253,931,0.21368243243243243,8q4h,8q4h__B;8q4h__D
412,train,1,7,3161,1892,1269,0.5985447643150902,8q3v,8q3v__A;8q3v__B;8q3v__C;8q3v__D;8q3v__E;8q3v__F;8q3v__g
413,train,1,1,1018,154,864,0.1512770137524558,8pvr,8pvr__A
414,train,1,2,4766,563,4203,0.11812840956777172,8pbz,8pbz__D;8pbz__E
415,train,1,1,90,30,60,0.3333333333333333,8oyd,8oyd__B
416,train,1,1,1522,207,1315,0.1360052562417871,8otw,8otw__A
417,train,1,1,782,54,728,0.06905370843989769,8kgi,8kgi__B
418,train,1,1,1967,742,1225,0.37722419928825623,8jwe,8jwe__A
419,train,1,3,866,255,611,0.29445727482678985,8jj5,8jj5__A;8jj5__B;8jj5__C
420,train,1,1,1030,18,1012,0.017475728155339806,8j74,9bfi__A
421,train,1,1,1140,369,771,0.3236842105263158,8j4i,8j4i__A
422,train,1,1,768,84,684,0.109375,8j2f,8j2f__B
423,train,1,1,1218,46,1172,0.03776683087027915,8if8,8if8__C
424,train,1,1,600,187,413,0.31166666666666665,8hf2,8hf2__A
425,train,1,3,1326,199,1127,0.15007541478129713,8gy3,8gy3__A;8gy3__B;8gy3__C
426,train,1,1,1524,1004,520,0.6587926509186351,8fdw,8fdw__B
427,train,1,2,590,163,427,0.27627118644067794,8exr,8exr__A;8exr__C
428,train,1,1,1460,553,907,0.37876712328767126,8eis,8eis__A
429,train,1,1,346,58,288,0.1676300578034682,8e2j,8e2j__B
430,train,1,4,7808,3086,4722,0.3952356557377049,8c5v,8c5v__B;8c5v__D;8c5v__E;8c5v__I
431,train,1,1,798,113,685,0.14160401002506265,8aw5,8aw5__A
432,train,1,15,2037,1236,801,0.6067746686303387,8ap7,8ap7__A;8ap7__C;8ap7__D;8ap7__E;8ap7__F;8ap7__I;8ap7__J;8ap7__K;8ap7__L;8ap7__M;8ap7__N;8ap7__O;8ap7__P;8ap7__Q;8ap7__R
433,train,1,1,633,52,581,0.08214849921011058,7zw1,7zw1__B
434,train,1,1,4140,815,3325,0.19685990338164253,7ykr,7ykr__A
435,train,1,1,666,12,654,0.018018018018018018,7wwb,7wwb__B
436,train,1,1,82,23,59,0.2804878048780488,7vu5,7vu5__B
437,train,1,1,1416,540,876,0.3813559322033898,7vq2,7vq2__A
438,train,1,1,901,169,732,0.18756936736958935,7tak,7tak__B
439,train,1,3,975,297,678,0.3046153846153846,7t92,7t92__A;7t92__B;7t92__C
440,train,1,2,1181,206,975,0.17442845046570704,7t6d,7t6d__B;7t6d__D
441,train,1,1,936,44,892,0.04700854700854701,7sps,4lds__A
442,train,1,2,822,339,483,0.4124087591240876,7sat,7sat__B;7sat__E
443,train,1,1,2350,658,1692,0.28,7rsl,7rsl__A
444,train,1,1,1330,623,707,0.46842105263157896,7raz,7raz__A
445,train,1,2,1224,664,560,0.5424836601307189,7puy,7puy__A;7puy__a
446,train,1,1,4970,750,4220,0.15090543259557343,7pl9,7pl9__A
447,train,1,1,556,46,510,0.08273381294964029,7paf,7b0k__A
448,train,1,1,669,123,546,0.18385650224215247,7p3r,7p3r__A
449,train,1,1,782,185,597,0.23657289002557544,7p34,7p34__B
450,train,1,1,1105,302,803,0.27330316742081445,7ot9,7ot9__A
451,train,1,1,948,215,733,0.22679324894514769,7oqz,7oqz__A
452,train,1,2,3757,2318,1439,0.6169816342826724,7okn,7okn__A;7okn__B
453,train,1,2,716,55,661,0.07681564245810056,7oix,7oix__A;7oix__B
454,train,1,1,680,78,602,0.11470588235294117,7nb6,7nb6__B
455,train,1,1,1484,372,1112,0.25067385444743934,7lzi,7lzi__A
456,train,1,1,3176,555,2621,0.17474811083123426,7lzh,7lzh__A
457,train,1,1,1150,134,1016,0.11652173913043479,7lhv,7lhv__B
458,train,1,1,577,28,549,0.04852686308492201,7khm,6bms__A
459,train,1,1,90,35,55,0.3888888888888889,7k7a,7k7a__A
460,train,1,1,1748,246,1502,0.14073226544622425,7fh1,7fh1__B
461,train,1,13,5975,1062,4913,0.17774058577405857,7eeb,7eeb__A;7eeb__B;7eeb__C;7eeb__D;7eeb__E;7eeb__F;7eeb__G;7eeb__H;7eeb__I;7eeb__J;7eeb__K;7eeb__L;7eeb__M
462,train,1,1,1113,723,390,0.6495956873315364,7e9t,7e9t__A
463,train,1,1,588,121,467,0.20578231292517007,7e4g,7e4g__A
464,train,1,1,1272,208,1064,0.16352201257861634,7d0i,7d0i__B
465,train,1,2,469,125,344,0.26652452025586354,7clv,7clv__B;7clv__C
466,train,1,1,1302,677,625,0.5199692780337941,6zye,6zye__E
467,train,1,1,753,122,631,0.16201859229747675,6z0f,6z0f__B
468,train,1,1,252,230,22,0.9126984126984127,6yb1,6yb1__B
469,train,1,1,316,106,210,0.33544303797468356,6xyn,6xyn__B
470,train,1,1,2092,546,1546,0.2609942638623327,6whg,6whg__A
471,train,1,1,58,28,30,0.4827586206896552,6w9z,6w9z__B
472,train,1,2,3717,777,2940,0.20903954802259886,6vej,6vej__A;6vej__P
473,train,1,1,1076,182,894,0.1691449814126394,6v1q,6v1q__B
474,train,1,1,2317,994,1323,0.42900302114803623,6urt,6urt__G
475,train,1,1,2480,960,1520,0.3870967741935484,6u1s,6u1s__A
476,train,1,2,536,49,487,0.0914179104477612,6u0o,6u0o__A;6u0o__B
477,train,1,1,2464,848,1616,0.34415584415584416,6rbg,6rbg__A
478,train,1,1,462,19,443,0.04112554112554113,6qpi,6qpi__B
479,train,1,1,2908,310,2598,0.10660247592847318,6nd0,6nd0__A
480,train,1,1,812,251,561,0.3091133004926108,6m6z,6m6z__A
481,train,1,1,560,2,558,0.0035714285714285713,6m31,6m31__A
482,train,1,1,448,32,416,0.07142857142857142,6lul,6lul__A
483,train,1,6,997,541,456,0.5426278836509528,6lo8,6lo8__A;6lo8__B;6lo8__C;6lo8__D;6lo8__E;6lo8__J
484,train,1,1,1472,472,1000,0.32065217391304346,6lmw,6lmw__A
485,train,1,1,801,58,743,0.07240948813982521,6l85,6l85__A
486,train,1,1,1130,358,772,0.3168141592920354,6jbj,6jbj__B
487,train,1,1,620,33,587,0.0532258064516129,6i8w,6i8w__B
488,train,1,1,574,67,507,0.11672473867595819,6i1z,6i1r__A
489,train,1,1,693,113,580,0.16305916305916307,6eyu,6eyu__A
490,train,1,1,1120,187,933,0.1669642857142857,6djs,6djs__A
491,train,1,2,860,221,639,0.2569767441860465,6c14,6c14__C;6c14__D
492,train,1,1,1197,361,836,0.30158730158730157,6bqn,6bqn__A
493,train,1,1,2523,365,2158,0.14466904478795084,6bpz,6bpz__A
494,train,1,1,510,148,362,0.2901960784313726,6bhp,6bhp__A
495,train,1,1,200,90,110,0.45,6b87,6b87__E
496,train,1,1,860,300,560,0.3488372093023256,6b85,6b85__J
497,train,1,2,3912,439,3473,0.11221881390593047,5yke,5yke__A;5yke__B
498,train,1,1,1461,27,1434,0.018480492813141684,5xan,3aqp__A
499,train,1,1,290,118,172,0.4068965517241379,5x29,2mm4__A
500,train,1,1,752,247,505,0.32845744680851063,5vre,5vre__A
501,train,1,1,5996,695,5301,0.11591060707138091,5vkq,5vkq__A
502,train,1,2,1250,220,1030,0.176,5v8k,5v8k__C;5v8k__D
503,train,1,1,952,64,888,0.06722689075630252,5sv9,5sv9__B
504,train,1,1,572,78,494,0.13636363636363635,5njg,5njg__B
505,train,1,1,318,52,266,0.16352201257861634,5nf8,5nf8__B
506,train,1,1,7135,1748,5387,0.24498948843728102,5lki,5lki__A
507,train,1,1,798,53,745,0.06641604010025062,5l25,5l25__B
508,train,1,1,1079,297,782,0.2752548656163114,5l22,5l22__A
509,train,1,3,1868,442,1426,0.2366167023554604,5jnx,5jnx__C;5jnx__D;6v3f__A
510,train,1,1,948,82,866,0.08649789029535865,5i6c,5i6c__B
511,train,1,1,316,26,290,0.08227848101265822,5guf,5guf__B
512,train,1,2,634,2,632,0.0031545741324921135,5a6e,5a6e__C;5a6g__B
513,train,1,1,634,15,619,0.02365930599369085,4ymk,4ymk__A
514,train,1,2,138,31,107,0.2246376811594203,4utq,4utq__A;4utq__Z
515,train,1,1,868,39,829,0.044930875576036866,4u4w,4iu8__A
516,train,1,1,1408,356,1052,0.2528409090909091,4tsy,4tsy__A
517,train,1,1,707,147,560,0.2079207920792079,4qtn,4qtn__B
518,train,1,1,894,73,821,0.08165548098434004,4qin,6ww2__R
519,train,1,1,726,58,668,0.07988980716253444,4or2,4or2__A
520,train,1,1,816,94,722,0.11519607843137254,4mnd,4mnd__B
521,train,1,1,904,60,844,0.06637168141592921,4jkv,4n4w__A
522,train,1,1,162,90,72,0.5555555555555556,4iff,4iff__B
523,train,1,1,1771,913,858,0.515527950310559,4hw9,4hw9__A
524,train,1,1,267,36,231,0.1348314606741573,4g80,4g7v__S
525,train,1,1,576,31,545,0.05381944444444445,4c9q,4c9q__B
526,train,1,1,420,140,280,0.3333333333333333,3wkv,3wkv__A
527,train,1,2,469,34,435,0.07249466950959488,3wbn,3vvp__A;3wbn__B
528,train,1,1,550,276,274,0.5018181818181818,3vou,3vou__A
529,train,1,1,411,31,380,0.07542579075425791,3s0x,3s0x__B
530,train,1,1,1732,293,1439,0.16916859122401848,3qnq,3qnq__A
531,train,1,1,1716,300,1416,0.17482517482517482,3jac,3jac__A
532,train,1,3,1163,279,884,0.23989681857265693,2yev,2yev__A;2yev__B;2yev__C
533,train,1,12,693,360,333,0.5194805194805194,2voy,2voy__A;2voy__B;2voy__C;2voy__D;2voy__E;2voy__F;2voy__G;2voy__H;2voy__I;2voy__J;2voy__K;2voy__L
534,train,1,1,625,452,173,0.7232,2oar,2oar__A
535,train,1,1,84,28,56,0.3333333333333333,2na7,2na7__A
536,train,1,1,84,38,46,0.4523809523809524,2na6,2na6__A
537,train,1,1,78,29,49,0.3717948717948718,2n90,2n90__B
538,train,1,1,136,50,86,0.36764705882352944,2mpn,2mpn__B
539,train,1,1,126,32,94,0.25396825396825395,2mom,2mof__A
540,train,1,1,68,22,46,0.3235294117647059,2mka,2mk9__A
541,train,1,1,82,18,64,0.21951219512195122,2mic,2mic__A
542,train,1,1,378,291,87,0.7698412698412699,2m6x,2mts__A
543,train,1,1,750,201,549,0.268,2m6i,2m6b__A
544,train,1,1,441,145,296,0.3287981859410431,2lzs,2lzs__A
545,train,1,1,86,32,54,0.37209302325581395,2loh,2lp1__A
546,train,1,1,90,35,55,0.3888888888888889,2j5d,2j5d__B
547,train,1,1,2840,1644,1196,0.5788732394366197,2j58,2j58__A
548,train,1,1,156,37,119,0.23717948717948717,2i68,2i68__B
549,train,1,1,636,181,455,0.28459119496855345,1oed,1oed__D
