config	output_dir
configs/train_contact_site_esm_mlc_predstruct_nograph_seed43_hpcue_20260619_002328.yaml	runs/contact_site_esm_mlc_predstruct_nograph_reg_seed43_e30_lr5e5_hpcue_20260619_002328
configs/train_contact_site_esm_mlc_noseq_contact_seed43_hpcue_20260619_002328.yaml	runs/contact_site_esm_mlc_noseq_contact_reg_seed43_e30_lr5e5_hpcue_20260619_002328
configs/train_contact_site_esm_final_contact_predstruct_seed43_hpcue_20260619_002328.yaml	runs/contact_site_esm_final_contact_predstruct_reg_seed43_e30_lr5e5_hpcue_20260619_002328
configs/train_contact_site_esm_final_contact_noseq_seed43_hpcue_20260619_002328.yaml	runs/contact_site_esm_final_contact_noseq_reg_seed43_e30_lr5e5_hpcue_20260619_002328
configs/train_contact_site_esm_noseq_noctx_relaxed_seed43_hpcue_20260619_002328.yaml	runs/contact_site_esm_noseq_noctx_relaxed_reg_seed43_e30_lr5e5_hpcue_20260619_002328
configs/train_contact_site_esm_mlc_predstruct_nograph_seed44_hpcue_20260619_002328.yaml	runs/contact_site_esm_mlc_predstruct_nograph_reg_seed44_e30_lr5e5_hpcue_20260619_002328
configs/train_contact_site_esm_mlc_noseq_contact_seed44_hpcue_20260619_002328.yaml	runs/contact_site_esm_mlc_noseq_contact_reg_seed44_e30_lr5e5_hpcue_20260619_002328
configs/train_contact_site_esm_final_contact_predstruct_seed44_hpcue_20260619_002328.yaml	runs/contact_site_esm_final_contact_predstruct_reg_seed44_e30_lr5e5_hpcue_20260619_002328
configs/train_contact_site_esm_final_contact_noseq_seed44_hpcue_20260619_002328.yaml	runs/contact_site_esm_final_contact_noseq_reg_seed44_e30_lr5e5_hpcue_20260619_002328
configs/train_contact_site_esm_noseq_noctx_relaxed_seed44_hpcue_20260619_002328.yaml	runs/contact_site_esm_noseq_noctx_relaxed_reg_seed44_e30_lr5e5_hpcue_20260619_002328
